Mutation_type	+ACM-PDB	Chain	Mutation	ddG(kcal/mol)	predicted
Original	2JEL	P	V6F	0	-0.727
Original	1DVF	A	Y32A	2.05	0.761
Original	2JEL	P	S46C	0	-0.011
Original	3BE1	L	H91A	0.9	4.25
Original	1KTZ	B	E55A	1.3	0.901
Original	HM_1YY9	H	T100Y	-0.45	-0.553
Original	3HFM	L	Q53A	0.95	-1.055
Original	1N8Z	L	S50A	-0.07	0.566
Original	1JRH	I	E45Q	0.11	0.35
Original	1MHP	H	G53N	1.26	3.077
Original	1DQJ	C	W63A	1.3	2.008
Original	1MLC	H	K65D	0.02	-0.055
Original	1AK4	D	I491V	-0.17	0.252
Original	3BN9	A	F60eA	-0.05	0.21
Original	1MHP	L	H31K	1.17	-0.968
Original	HM_2NZ9	A	N918A	0.3	0.551
Original	1VFB	H	D54A	1	0.581
Original	3BDY	H	N54A	-0.2	-0.195
Original	2JEL	P	P11E	0	-0.045
Original	3BE1	H	D98A	-0.1	0.538
Original	3NPS	A	F89A	1.61	0.092
Original	1DVF	B	D54A	4.32	0.526
Original	3BDY	L	G51A	1	-0.795
Original	2NZ9	A	T1063A	2.37	0.749
Original	3BE1	H	Y52A	-0.8	1.31
Original	3NGB	H	R61Q	0.1	1.014
Original	1JTG	A	S235A	1.32	1.158
Original	2NYY	A	Q915A	0.52	0.229
Original	3NPS	A	I26A	0.65	-0.147
Original	1MHP	H	K64Q	-0.16	-0.093
Original	1DVF	D	H33A	1.88	1.18
Original	3NGB	H	T33Y	0.08	-0.5
Original	1VFB	L	Y50R	0.85	-0.163
Original	2NYY	A	E920A	2.84	1.71
Original	1N8Z	L	R66G	0.22	0.351
Original	1N8Z	L	H91F	0.03	1.648
Original	HM_1YY9	L	T97C	-0.51	-1.547
Original	2JEL	P	A82S	0	-0.069
Original	1N8Z	H	D98A	1.21	0.909
Original	1DVF	C	Y49A	1.88	2.327
Original	2NYY	A	T1063A	1.62	-0.029
Original	2JEL	P	S41C	1.51	1.359
Original	3BDY	H	Y52A	0.4	0.694
Original	1MHP	L	N93D	8	-1.351
Original	1N8Z	L	T94S	0.31	-0.654
Original	3BDY	L	T93A	-0.3	0.394
Original	HM_1YY9	L	A25V	-0.62	-0.257
Original	2JEL	P	T36Q	0.41	0.13
Original	1KTZ	B	M112A	0.8	0.746
Original	2NZ9	A	F953A	3.34	1.75
Original	1MHP	H	S35A	1.58	6.117
Original	3BDY	L	R27dA	-0.2	-0.16
Original	1VFB	H	R99Y	1.26	0.629
Original	3BN9	A	E169A	0.37	0.647
Original	HM_3BN9	H	Q100AV	0.41	0.618
Original	3HFM	L	N31A	5.22	0.478
Original	1MHP	H	G53A	0.51	0.999
Original	3HFM	L	Y96F	1.4	0.534
Original	1KTZ	B	I125A	0.5	0.457
Original	3HFM	Y	Y20A	4.87	4.417
Original	1KTZ	B	D32N	1.7	1.109
Original	3NPS	A	Q23A	0.03	0.467
Original	2JEL	P	S64T	4.13	-0.799
Original	1MHP	L	L49F	0.71	1.977
Original	2JEL	P	E85K	0	0.136
Original	2NYY	A	F953A	4.06	1.789
Original	1MHP	H	G100F	0.57	3.474
Original	1MHP	H	G102S	8	-2.521
Original	3HFM	H	C95A	5.52	2.411
Original	1MHP	L	N30W	1.58	2.428
Original	1AK4	D	P493A	0.51	0.034
Original	3HFM	L	Y50A	4.57	2.136
Original	2JEL	P	R17G	0	-0.046
Original	1MHP	L	S91W	8	0.899
Original	1DVF	A	Y49A	1.75	1.041
Original	1AK4	D	V486A	0.82	0.004
Original	1VFB	L	T52F	0.47	-0.293
Original	HM_1KTZ	B	E119A	1.5	1.325
Original	2NYY	A	R1294A	0.3	0.167
Original	1MHP	L	S91R	2.73	3.436
Original	HM_2NZ9	A	K915A	-0.31	0.015
Original	1DQJ	C	D101A	1.3	-1.032
Original	1CZ8	V	Y21A	0	1.017
Original	2JEL	P	Q71E	2.75	-0.258
Original	2JEL	P	H76D	-0.66	-0.711
Original	1KTZ	B	S52A	0.4	1.661
Original	1DVF	D	Y102A	4.79	2.834
Original	HM_1YY9	L	Q27Y	-0.83	-0.126
Original	3BDY	H	F100A	0.7	0.896
Original	1MLC	H	T28D	-0.15	-0.05
Original	1MHP	H	T33Q	8	2.339
Original	1CZ8	W	M81A	4.1	2.038
Original	1DQJ	C	N93A	0.6	2.396
Original	2NYY	A	F917A	0.42	0.515
Original	3NPS	A	Y141A	1.79	-0.189
Original	3NGB	H	Y74S	0.33	0.326
Original	1VFB	H	W52A	0.9	1.367
Original	1KTZ	B	N47A	0.3	0.135
Original	1CZ8	W	E93A	1.15	0.157
Original	2NZ9	A	K1056A	-0.01	-0.003
Original	3HFM	H	D32A	1.9	1.373
Original	1VFB	L	W92A	3.3	0.883
Original	1BJ1	V	Y21A	0	1.581
Original	3BE1	H	Y100aA	1.2	3.212
Original	3BE1	H	D31A	0.4	0.143
Original	3BDY	L	G31A	1.2	-0.145
Original	1YY9	H	T61E	-0.06	-0.232
Original	1BJ1	V	F17A	0	0.993
Original	1MHP	H	G53Q	8	1.458
Original	HM_3BN9	H	T98Q	-0.16	-0.542
Original	1CZ8	W	K48A	0	0.8
Original	HM_2NZ9	A	P1063A	0.24	0.149
Original	1VFB	H	R99W	0.71	0.259
Original	1MHP	H	G100L	2.73	3.79
Original	3BDY	H	R58A	-0.2	-0.105
Original	1BJ1	W	M94A	1.42	1.199
Original	1MHP	H	T33V	0.43	-0.201
Original	1MHP	H	G54M	8	0.677
Original	1N8Z	L	Y92F	-0.21	0.437
Original	1N8Z	L	T93A	0.82	0.319
Original	1YY9	L	N93A	-0.74	0.176
Original	1KTZ	B	H79A	0.4	0.193
Original	1BJ1	W	K48A	0.41	0.092
Original	1FFW	A	A90V	0.09	-0.525
Original	1CZ8	W	R82A	0.82	1.648
Original	1JTG	B	D49A	1.98	2.288
Original	HM_2NYY	A	P1063A	0.24	0.182
Original	3NPS	A	D46A	0.34	0.816
Original	1MHP	L	S24R	-0.07	-0.076
Original	1DVF	A	S93A	1.17	0.281
Original	3BDY	H	T53A	-0.5	0.154
Original	1YY9	L	S26D	-0.2	0.053
Original	1KTZ	B	F30A	2.9	1.665
Original	2JEL	P	T7S	0	-0.011
Original	3HFM	L	N31E	5.67	0.644
Original	2NYY	A	K923A	-0.14	0.248
Original	2JEL	P	K72E	0.41	-1.858
Original	1MHP	L	N30Y	1.91	1.555
Original	3BN9	A	I60A	0.84	-0.712
Original	1AK4	D	P490A	2	0.174
Original	3BDY	H	G96A	0.2	-0.144
Original	2JEL	P	K27E	0	0.036
Original	3BN9	H	S30G	1.36	-0.51
Original	2JEL	P	E75R	2.75	0.671
Original	1BJ1	W	H86A	0	0.687
Original	2JEL	P	E83A	0	0.052
Original	1N8Z	L	Y92A	1.36	0.233
Original	HM_2NZ9	A	E920A	0.5	-0.007
Original	1KTZ	B	V62A	0.7	-0.558
Original	2JEL	P	E68A	0.41	1.208
Original	1VFB	L	T53R	1.67	0.062
Original	3BE1	L	Y53A	0.9	0.745
Original	1N8Z	H	T53A	0.78	0.004
Original	1MHP	H	G100M	0.1	0.176
Original	3BN9	A	D217A	0.57	2.79
Original	HM_3BN9	H	T98R	-1.57	0.755
Original	1DQJ	H	Y50A	6.9	3.588
Original	2NZ9	A	E920A	2.77	1.845
Original	3BN9	A	F97A	6.7	-0.656
Original	1CZ8	W	H86A	0	0.813
Original	3HFM	L	N31D	1.34	0.592
Original	1MHP	H	T50E	8	4.586
Original	1MLC	H	S57V	-0.49	0.619
Original	2NYY	L	D30Y	0.65	0.151
Original	1MHP	L	W90Q	2.08	2.683
Original	HM_2NZ9	A	D1062A	-0.14	0.595
Original	3BN9	A	L153A	0.34	0.231
Original	HM_1KTZ	B	V62A	0.7	-0.558
Original	3K2M	D	M88A	4	1.326
Original	1MHP	H	K64E	-0.16	-0.189
Original	1MHP	H	S35Q	2.73	1.166
Original	HM_1KTZ	B	N47A	0.3	0.128
Original	2NYY	H	Y31D	0.07	-0.237
Original	1MHP	H	F99Y	0.76	-1.678
Original	1VFB	C	T118A	0.8	-0.236
Original	1BJ1	W	M81A	3.69	2.838
Original	1VFB	H	G31W	0.01	-1.012
Original	3K2M	D	Y87A	4	0.34
Original	3K2M	D	R38A	2.5	-0.57
Original	1CZ8	W	Q87A	0	1.377
Original	3BDY	H	D98A	0	1.108
Original	1CZ8	W	I91A	1.06	0.191
Original	1MHP	H	G100I	8	2.457
Original	1KTZ	B	I50A	1.9	0.222
Original	1MLC	L	N32Y	0	-0.799
Original	1MHP	L	G92S	0.51	-0.112
Original	HM_1KTZ	B	E119Q	1.6	0.756
Original	1BJ1	W	H90A	0	1.377
Original	1CZ8	W	Q79A	0.65	-0.278
Original	2NYY	A	L919A	2.59	-0.163
Original	1VFB	H	D58E	0.08	-0.079
Original	1CZ8	W	G92A	4.1	-0.954
Original	1JTG	A	R243A	0.56	1.041
Original	1VFB	C	D18A	0.3	0.433
Original	1MHP	H	G100V	8	1.612
Original	1FFW	A	E93K	0.82	0.32
Original	1MHP	L	S91K	8	2.114
Original	HM_2NYY	A	D902A	-0.49	-0.079
Original	2NZ9	A	K903A	0.54	0.134
Original	2JEL	P	F2W	2.64	-1.681
Original	3HFM	Y	K97M	1.09	2.959
Original	1MHP	H	G54N	8	0.698
Original	1VFB	H	S28D	0	-0.222
Original	1VFB	L	Y32A	1.7	-0.021
Original	3BN9	A	Y60gA	0.02	0.035
Original	3BE1	L	S30A	-0.2	0.269
Original	3BN9	A	D60aA	0.42	0.354
Original	1MHP	L	S91T	2.32	-0.317
Original	1DVF	B	W52A	4.17	3.867
Original	3BDY	L	Y53A	0.7	0.718
Original	1MLC	L	N92A	-1.25	0.754
Original	1KTZ	B	E119A	1.4	1.273
Original	2NYY	A	D1062A	2.53	1.636
Original	HM_2NYY	A	K955A	-0.5	-0.323
Original	3BE1	L	G31A	0.3	0.629
Original	HM_1KTZ	B	L27A	1.8	0.415
Original	2NYY	A	I956A	-0.01	0.115
Original	HM_2NZ9	A	D902A	-0.49	-0.109
Original	2NZ9	A	S955A	-0.08	0.556
Original	1CZ8	W	I80A	0.95	0.279
Original	HM_1YY9	L	T97S	-0.7	-0.234
Original	1DVF	A	H30A	1.67	-0.443
Original	3NPS	A	E163A	0.62	0.177
Original	2JEL	P	E85A	0	-0.001
Original	HM_1YY9	H	A98W	-0.23	-3.524
Original	3NPS	A	R51A	0.14	-0.086
Original	1MLC	H	T31A	0.45	0.089
Original	2JEL	P	K79E	0.41	-0.419
Original	1BJ1	W	K84A	0.65	0.855
Original	3NPS	A	R82A	-0.15	-0.048
Original	3K2M	D	E52A	2.5	0.128
Original	3NGB	H	V73T	0.16	-0.379
Original	1N8Z	L	S52A	-0.31	0.366
Original	1N8Z	H	Y100aA	8	2.103
Original	1DQJ	L	N31A	2	2.584
Original	1VFB	C	Y23A	0.4	2.008
Original	2NZ9	A	D1058A	-0.03	0.787
Original	HM_2NYY	L	S28Q	0.7	-0.464
Original	3BN9	A	R60cA	-0.05	0.308
Original	3NPS	A	H138A	1.89	1.616
Original	1MHP	L	N52Y	-0.1	-0.191
Original	3HFM	H	Y50A	8	4.209
Original	1N8Z	H	Y100aF	-0.05	0.349
Original	1VFB	L	L46D	8	5.153
Original	HM_2NYY	H	Y31Q	1.33	0.678
Original	3BDY	L	Y92A	1.4	1.153
Original	2JEL	P	K24E	0	-0.081
Original	1VFB	C	K116A	0.7	-0.136
Original	1N8Z	L	H91F	-0.43	1.449
Original	3BDY	H	Y100aA	0.5	3.467
Original	1BJ1	W	R82A	3.69	2.171
Original	1MHP	L	L49Y	8	-0.467
Original	3BDY	L	S30A	1.3	0.415
Original	1DQJ	C	T89A	0.8	0.403
Original	2JEL	P	T62A	0	0.233
Original	1N8Z	H	Y102V	0.22	1.01
Original	3NGB	H	A56G	-0.06	-0.345
Original	1VFB	C	R125A	1.8	-0.739
Original	3BE1	H	R58A	2.5	-0.239
Original	3K2M	D	Y35A	1	1.011
Original	3BE1	H	T32A	-0.4	-0.634
Original	2NYY	H	Y57Q	0.52	0.474
Original	HM_2NYY	L	H34R	0.63	-0.081
Original	2JEL	P	K72R	0	0.049
Original	3BDY	H	Y56A	0.2	0.238
Original	2JEL	P	Q3K	4.13	2.345
Original	1MHP	H	G53W	8	-0.819
Original	3HFM	L	Y50F	2.36	2.376
Original	3BE1	L	T93A	-0.4	0.405
Original	HM_2NZ9	A	R1061A	0.58	0.829
Original	1DQJ	L	Y50A	2.7	2.705
Original	2JEL	P	E5Q	0.72	0.452
Original	HM_2NYY	A	T923A	0.62	-0.172
Original	1VFB	H	D58N	-0.13	-0.401
Original	HM_1KTZ	B	I50A	1.9	0.419
Original	2NYY	A	D1058A	0.01	0.751
Original	1FFW	A	V108M	1.13	0.537
Original	3HFM	Y	K97A	6.18	3.578
Original	1FFW	A	Y106W	0.71	-0.858
Original	1MHP	L	N52R	0.85	0.196
Original	HM_1YY9	H	T57G	-0.46	0.172
Original	3BN9	A	R60fA	-0.07	-0.109
Original	3NPS	A	F92A	0.47	0.368
Original	3BN9	H	P100H	8	-0.074
Original	2NZ9	A	F917A	-0.05	1.823
Original	1AK4	D	P485A	0.92	0.09
Original	1AK4	D	G489A	1.91	0.443
Original	1MHP	L	L49W	1.91	1.725
Original	1N8Z	H	Y33A	-0.09	2.74
Original	HM_2NYY	A	S954A	-0.66	-0.005
Original	1DVF	D	R106A	4.13	2.173
Original	3BE1	L	R27dA	-0.2	-0.089
Original	2JEL	P	E85D	0	-0.053
Original	1VFB	C	S24A	0.8	1.957
Original	HM_1YY9	H	I51G	-0.51	0.835
Original	1AK4	D	A492G	0.41	0.027
Original	1MHP	H	F99W	0	0.959
Original	1VFB	C	L129A	0.2	0.41
Original	1DVF	D	Q104A	1.64	0.453
Original	HM_2NYY	L	D30Y	0.6	0.143
Original	3HFM	L	Y96A	2.71	4.502
Original	1N8Z	H	T32A	0.38	-0.508
Original	3NPS	A	D214A	1.48	2.531
Original	3BDY	H	Y33A	0.3	1.824
Original	1KTZ	B	I53A	1.2	0.51
Original	1MHP	H	K64N	-0.07	0.126
Original	3K2M	D	Y36A	3.7	2.275
Original	2NYY	A	R1061A	0.82	0.667
Original	3BDY	H	D31A	0.2	0.46
Original	1BJ1	W	E93A	0.82	0.252
Original	1MHP	L	N52K	0.66	0.087
Original	1AK4	D	H487A	0.84	0.274
Original	1KTZ	B	E75A	1	0.764
Original	1N8Z	H	F100A	1.17	1.07
Original	1VFB	H	Y101F	1.6	0.97
Original	2JEL	P	E5D	0.41	0.09
Original	3BE1	L	Y92A	0.5	0.22
Original	1BJ1	W	I83A	3.69	-0.211
Original	1KTZ	B	S49A	0.5	0.438
Original	3HFM	H	S31A	0.17	-0.323
Original	1MHP	H	G53S	0.68	2.009
Original	1MHP	H	K64D	-0.12	-0.083
Original	1MHP	L	G92Q	1.58	0.692
Original	HM_2NYY	L	S31N	1.2	0.29
Original	1JRH	I	T14V	-0.02	-0.17
Original	3HFM	Y	R21A	1.03	1.055
Original	3BN9	A	Q145A	0.13	1.058
Original	1VFB	C	D119A	1	3.334
Original	1VFB	L	N31W	0.17	-1.263
Original	3BN9	A	T150A	0.29	0.18
Original	2JEL	P	Q57E	-0.41	-0.045
Original	HM_2NYY	A	D1062A	-0.14	0.479
Original	1MHP	H	L60D	-0.12	-0.102
Original	1N8Z	L	Y49A	1.05	1.663
Original	1DVF	B	R99A	1.89	0.808
Original	1FFW	A	T112I	0.56	-0.296
Original	1VFB	L	Y50K	1.67	1.309
Original	1VFB	H	G31E	-0.51	-0.864
Original	2NYY	H	Y31Q	0.13	0.326
Original	1BJ1	W	Q89A	1.75	2.657
Original	1VFB	L	Y50A	0.5	2.093
Original	1MHP	H	G54T	1.17	1.983
Original	HM_3BN9	H	P100H	1.36	3.088
Original	2JEL	P	E85Q	0	0.156
Original	3BN9	A	Q38A	-0.42	-0.024
Original	HM_2NYY	A	K915A	-0.31	0.009
Original	3NGB	H	I30T	0.08	-0.171
Original	1CZ8	W	I83A	1.3	1.179
Original	1AK4	D	I491A	0.07	0.375
Original	3BE1	H	R50A	2.4	4.845
Original	1KTZ	B	T51A	1.3	1.606
Original	1MHP	H	G54Y	0	1.877
Original	2JEL	P	D69E	0.96	-0.372
Original	1KTZ	B	L27A	1.9	0.288
Original	HM_2NZ9	A	T923A	0.62	0.087
Original	1DQJ	C	L75A	1.5	-0.495
Original	1KTZ	B	V77A	0.5	0.208
Original	1MLC	H	S57A	-0.38	0.49
Original	1DQJ	C	K97A	3.5	4.558
Original	2NZ9	A	N954A	-0.15	1.611
Original	3BN9	A	Q221aA	0.71	0.733
Original	1MHP	H	G100S	0.56	1.136
Original	3BE1	H	G99A	1.8	-0.774
Original	2NYY	A	K1056A	-0.03	0.081
Original	1FFW	A	E117K	0.71	-0.218
Original	3BE1	L	W50A	1.4	1.167
Original	3K2M	D	W80A	4	2.814
Original	HM_1KTZ	B	D32A	1.5	1.163
Original	1MHP	H	H56Y	8	-0.85
Original	3NPS	A	N90A	0.26	0.088
Original	3HFM	H	D32N	0.17	-1.482
Original	1FFW	A	T87I	-0.32	-0.284
Original	HM_1YY9	L	G30Y	-0.92	-0.268
Original	2JEL	P	Q4K	1.38	1.268
Original	3BE1	H	Y33A	2.4	1.394
Original	2NZ9	A	R1061A	0.29	0.005
Original	3NGB	H	V57T	0.14	-1.172
Original	1CZ8	W	K84A	1.36	0.819
Original	3NGB	H	P62K	0.23	-0.154
Original	2NYY	A	N918A	0.89	1.563
Original	2NZ9	A	D1062A	2.34	2.841
Original	2NZ9	A	I956A	0.07	0.568
Original	3BN9	A	F94A	0.64	0.279
Original	3BE1	L	Y32A	-0.8	1.247
Original	1MLC	H	T31V	0.53	0.293
Original	1DQJ	C	S100A	0.8	3.527
Original	1VFB	H	Y101A	4	2.904
Original	3BN9	H	T28R	0.3	-0.009
Original	2JEL	P	R17K	0	-0.129
Original	3BN9	A	R87A	-0.16	-0.167
Original	1DVF	B	D100A	2.82	2.924
Original	1VFB	H	S28Q	0.08	0.096
Original	2NZ9	A	L919A	2.28	-0.536
Original	3BDY	H	G97A	-0.1	-0.005
Original	1DQJ	H	Y53A	1.2	-0.078
Original	1DVF	D	K30A	1.01	0.435
Original	3BE1	H	Y56A	1.8	0.396
Original	1MHP	H	Y58W	0.82	-0.439
Original	1MLC	L	N32G	-0.85	0.817
Original	3BN9	H	Y99S	0.41	-0.225
Original	1MHP	H	T50Q	8	2.66
Original	HM_2NZ9	A	I917A	0.95	0.186
Original	1YY9	L	T31E	-0.52	-1.158
Original	3BN9	A	Q175A	2.51	1.287
Original	2NZ9	A	R1294A	0.39	0.275
Original	1VFB	H	Y32E	1.91	-0.012
Original	1BJ1	W	G92A	3.69	-0.662
Original	3BN9	A	K224A	0.79	0.096
Original	3BDY	H	T32A	-0.4	0.103
Original	1FFW	A	F111V	1.26	0.574
Original	HM_3BN9	H	S30G	0.71	-0.09
Original	1N8Z	L	N30S	0.06	0.857
Original	3BN9	A	Q174A	-0.03	0.683
Original	1JTG	A	K234A	0.82	1.289
Original	3BE1	L	S28A	0.3	0.205
Original	1DVF	B	N56A	1.17	1.185
Original	1DQJ	L	S91A	1.4	1.994
Original	HM_2NYY	A	R1061A	0.58	-0.328
Original	1MHP	L	N52D	0.5	-0.233
Original	3NPS	A	T144A	0.18	-0.336
Original	3HFM	L	Y50L	4.4	2.843
Original	3NPS	A	D47A	1.08	1.326
Original	1DQJ	C	Y20A	3.3	3.284
Original	3BN9	A	R222A	-0.09	-0.111
Original	1N8Z	H	Y100aF	0.82	0.988
Original	HM_1KTZ	B	I53A	1.4	0.612
Original	1DVF	A	Y50A	0.69	0.288
Original	HM_2NYY	A	E920A	0.5	0.411
Original	1MHP	L	L49K	0.93	1.285
Original	1KTZ	B	E119Q	1.7	0.358
Original	3NPS	A	R48A	-1.07	-0.168
Original	1N8Z	L	F53N	1.21	0.424
Original	1MLC	H	T31W	0.13	-0.362
Original	HM_2NYY	A	I917A	0.95	0.333
Original	3BN9	A	I41A	0	0.448
Original	1DQJ	H	D32A	2	0.315
Original	3NPS	A	Q169A	0.75	1.044
Original	3BE1	H	K30A	-0.3	0.105
Original	1N8Z	H	K30A	0.61	0.067
Original	1VFB	L	L46E	8	4.941
Original	1AK4	D	H487Q	0.8	0.784
Original	HM_1YY9	H	Y32R	-0.13	0.466
Original	1N8Z	H	N54A	-0.15	0.043
Original	HM_1KTZ	B	S49A	0.3	0.342
Original	1DQJ	H	W98A	4.9	4.116
Original	1N8Z	L	T94A	-0.12	0.215
Original	3BE1	L	G51A	-0.3	-0.017
Original	3BDY	L	P27cA	0.2	0.172
Original	1DQJ	H	Y33A	5.5	4.451
Original	2JEL	P	S43C	0	1.065
Original	1BJ1	W	G88A	2.76	0.294
Original	3BN9	H	T98Q	0	-0.188
Original	3BN9	A	N95A	0.77	0.469
Original	HM_1YY9	H	V50L	-0.6	0.265
Original	1DVF	B	T30A	0.92	0.646
Original	2NYY	A	S902A	-0.23	0.386
Original	1N8Z	L	N30A	1.12	0.012
Original	1MHP	L	N30V	1.05	1.21
Original	2NYY	A	N954A	0.1	0.942
Original	1MHP	L	S28Q	-0.67	-0.12
Original	1BJ1	W	I80A	0.82	0.269
Original	3BDY	L	T94A	0	0.024
Original	3BDY	H	G99A	0.8	-0.338
Original	1VFB	C	I124A	1.2	0.703
Original	1VFB	H	S28N	0.15	0.407
Original	HM_1KTZ	B	F30A	3	1.571
Original	3NGB	H	R53N	0.05	-0.008
Original	3BN9	H	S30N	1.36	0.971
Original	HM_3BN9	H	Y99S	0.54	-0.719
Original	3BDY	H	K30A	0.2	0.034
Original	1DQJ	C	R21A	1.3	2.271
Original	1MHP	H	G54I	1.36	0.906
Original	2JEL	P	E70K	4.13	2.831
Original	1DQJ	C	K96A	6.1	3.046
Original	3NPS	A	Y52A	0.46	-0.002
Original	1FFW	A	D13K	0.05	0.074
Original	3BE1	H	G96A	0.1	-0.023
Original	1N8Z	L	H91A	8	3.384
Original	3BDY	L	W50A	1.3	2.17
Original	3BE1	H	N54A	-0.8	0.218
Original	HM_2NYY	H	Y57Q	1.19	0.445
Original	1DVF	B	E98A	4.23	1.252
Original	3BDY	L	Y32A	1.7	2.689
Original	HM_1YY9	H	V50Q	-0.64	-0.574
Original	3NGB	H	K52N	0.18	-1.436
Original	HM_1KTZ	B	S52A	0.2	1.302
Original	1MHP	H	Y58Q	2.08	1.012
Original	1VFB	H	D100A	2.9	1.044
Original	1MHP	H	T33N	2.73	3.611
Original	HM_1KTZ	B	T51A	1.5	1.407
Original	2NZ9	A	H1064A	7.42	6.034
Original	1VFB	L	Y32W	8	-2.753
Original	1BJ1	W	Q87A	0	0.821
Original	3BE1	L	D27aA	0	-0.004
Original	3BN9	A	Y146A	1.09	-0.432
Original	1CZ8	W	M94A	1.91	1.31
Original	HM_3BN9	H	T28R	-0.24	0.111
Original	1AK4	D	A488V	0.6	0.031
Original	3NPS	A	D91A	1.52	0.992
Original	HM_1YY9	H	T57P	-0.48	-0.108
Original	3HFM	H	C95F	3.25	3.414
Original	3BDY	L	H91A	2	2.301
Original	3BE1	H	G97A	0.3	-0.464
Original	HM_1KTZ	B	S52L	4	1.228
Original	HM_1YY9	H	G33D	-0.89	0.342
Original	3NPS	A	K221A	-0.1	0.611
Original	3HFM	Y	K96A	6.83	4.145
Original	HM_1YY9	H	R97D	-0.99	2.583
Original	2JEL	P	T7N	0.41	0.084
Original	1VFB	C	Q121A	2.9	0.221
Original	1BJ1	W	I91A	0.41	0.692
Original	1CZ8	W	Q89A	1.06	0.945
Original	1DQJ	C	W62A	0.8	-0.378
Original	HM_1KTZ	B	I125A	0.5	0.445
Original	2NZ9	A	S902A	-0.12	0.585
Original	2NYY	A	K903A	0.29	0.57
Original	2NYY	L	S31N	-0.36	-0.35
Original	2JEL	P	E70A	2.75	1.934
Original	2NYY	H	K30R	0.07	0.045
Original	1N8Z	H	Y52A	0.23	0.67
Original	HM_2NYY	H	M34Q	-0.01	-0.03
Original	1DVF	D	I101A	2.71	-0.505
Original	2NZ9	A	Q915A	0.1	0.441
Original	1DVF	B	Y32A	1.85	0.485
Original	2JEL	P	N38T	0	0.107
Original	1N8Z	H	R50A	8	2.734
Original	3BDY	L	S28A	1	0.235
Original	HM_2NZ9	A	R1064A	4.44	0.332
Original	HM_1KTZ	B	M112A	0.9	0.68
Original	HM_1KTZ	B	E75A	1.1	0.679
Original	1CZ8	W	Y45A	1.94	0.69
Original	3BE1	L	S52A	0.3	-0.014
Original	1VFB	H	S28E	-0.1	-0.382
Original	2NYY	L	S28Q	0.42	-0.317
Original	2JEL	P	T34Q	0	0.098
Original	1AK4	D	G489V	2.86	0.002
Original	3BE1	L	T94A	1.4	-0.335
Original	2NYY	L	H34R	0.1	0.453
Original	HM_2NYY	H	Y31D	0.97	0.848
Original	HM_1KTZ	B	E55A	1.2	0.983
Original	HM_1KTZ	B	H79A	0.3	0.259
Original	3BN9	A	D60bA	0.31	0.337
Original	1N8Z	H	Y56A	0.87	1.093
Original	1MHP	L	H31W	1.26	0.106
Original	1JTG	A	S130A	0.5	2.338
Original	3HFM	L	N32A	5.11	1.902
Original	3BN9	H	Q100aV	1.36	-0.364
Original	1VFB	C	V120A	0.9	0.192
Original	1KTZ	B	S52L	3.7	0.952
Original	2NYY	A	H1064A	7.32	4.349
Original	3BE1	L	P27cA	0.1	0.184
Original	HM_2NYY	H	K30R	0.51	-0.033
Original	1DVF	A	W92A	0.34	1.419
Original	3BDY	H	R50A	-0.3	1.677
Original	1KTZ	B	F110A	0.9	0.916
Original	3BDY	H	W95A	2	2.857
Original	2JEL	P	H76A	-0.41	-0.429
Original	HM_1KTZ	B	D32N	2	1.212
Original	HM_2NZ9	A	K955A	-0.5	0.653
Original	3NPS	A	Q168A	-0.06	-0.239
Original	1VFB	C	N19A	0.3	1.625
Original	1MLC	H	T58D	-0.56	0.171
Original	1KTZ	B	D118A	0.9	1.074
Original	HM_2NYY	A	R903A	-0.02	-0.127
Original	3NPS	A	L147A	0.3	0.21
Original	1N8Z	H	W95A	8	2.849
Original	1MHP	H	T50V	-0.26	2.47
Original	3BDY	L	D27aA	0	-0.009
Original	1YY9	H	N56A	-0.06	1.017
Original	1MHP	H	S52T	8	-2.016
Original	1MHP	H	Y58E	2.08	0.255
Original	1DQJ	L	Y96A	1.1	4.31
Original	1DQJ	L	N32A	4.1	1.388
Original	HM_3BN9	H	S30N	0.71	1.268
Original	HM_2NYY	A	N957A	0.01	-0.318
Original	3NPS	A	I45A	-0.34	0.172
Original	3NPS	A	T93A	0.73	0.171
Original	3NGB	H	G54S	0.73	-1.215
Original	3NPS	A	Q140A	0.3	-1.187
Original	1AK4	D	A488G	2.49	-0.167
Original	1CZ8	W	H90A	0	-0.868
Original	1CZ8	W	G88A	2.67	0.208
Original	1N8Z	L	D28N	-0.28	0.781
Original	3NPS	A	Q218A	-0.04	-1.553
Original	3BE1	H	T53A	0.1	0.087
Original	1MHP	H	S52M	2.08	-0.964
Original	2NYY	A	S955A	0	-0.515
Original	2JEL	P	N12D	0	-0.117
Original	3NPS	A	F50A	0.22	0.33
Original	2NZ9	A	K923A	-0.3	-0.057
Original	1MHP	L	N52E	-0.18	0.024
Original	HM_2NZ9	A	L919A	0.41	0.182
Original	3BN9	A	H143A	0.09	1.646
Original	HM_2NZ9	A	S954A	-0.66	-0.44
Original	1N8Z	L	T31A	0.8	0.971
Original	3BN9	H	T98R	-0.06	0.168
Original	1N8Z	H	D31A	0.25	0.259
Original	2JEL	P	F2Y	0	-0.423
Original	HM_1KTZ	B	D118A	0.8	1.073
Original	HM_2NZ9	A	F953A	1.53	0.851
Original	1VFB	H	G31A	0.3	-0.094
Original	1MHP	H	Y59E	0.54	0.707
Original	1DVF	D	N55A	1.88	0.165
Original	1CZ8	V	F17A	0	1.126
Original	3BDY	L	I29A	0.8	0.29
Original	1DVF	A	Y49A	1.64	1.195
Original	1MHP	L	N30K	8	0.607
Original	2NYY	H	M34Q	-0.06	0.062
Original	1AK4	D	A492V	0.19	-0.443
Original	1KTZ	B	D32A	1.4	1.26
Original	1AK4	D	P490V	2.86	0.327
Original	1N8Z	H	D98W	-0.69	-0.525
Original	HM_1KTZ	B	V77A	0.4	0.188
Original	3BE1	H	F100A	1.9	0.419
Original	2NZ9	A	N918A	2.16	0.717
Original	1AK4	D	H487R	1.48	0.45
Original	3BE1	H	W95A	1.8	3.757
Original	3BN9	A	D96A	6.7	0.191
Original	3BN9	A	T98A	1.13	0.119
Original	3NPS	A	R219A	-0.08	-0.064
Original	1VFB	H	Y32A	1.1	1.931
Original	1BJ1	W	Q79A	0	1.421
Original	3BE1	L	I27bA	-0.2	0.403
Original	HM_2NYY	A	N918A	0.3	0.242
Original	HM_1YY9	L	T97D	-0.66	0.105
Original	1MHP	H	R31Q	1.31	0.35
Original	1DVF	B	Y101F	2.03	1.602
Original	3BDY	L	S52A	0.1	0.452
Original	1DVF	B	D58A	1.62	1.83
Original	1KTZ	B	F110A	0.9	0.903
Original	HM_2NYY	A	L919A	0.41	-0.165
Original	HM_2NYY	A	F953A	1.53	0.94
Original	HM_2NYY	A	R1064A	4.44	0.814
Original	3BDY	L	I27bA	1.1	0.176
Original	2JEL	P	E66K	4.13	-1.927
Original	2JEL	P	T62N	0	-0.105
Original	HM_2NZ9	A	N957A	0.01	-0.776
Original	HM_2NZ9	A	R903A	-0.02	-0.072
Original	1MHP	L	S91Q	1.78	3.182
Original	3HFM	H	Y33A	6	4.227
Original	1BJ1	W	Y45A	0.82	1.168
Original	1DVF	D	D52A	1.7	1.278
Original	3BE1	L	I29A	0.9	-1.005
Original	1MHP	L	H31R	1.12	-0.747
Original	1MHP	H	S35V	8	1.821
Reverse	3NPS	A	A168Q	0.06	-0.165
Reverse	HM_3BN9	H	G30S	-0.71	0.335
Reverse	1DQJ	C	A89T	-0.8	-0.483
Reverse	3BN9	A	A60cR	0.05	-0.229
Reverse	HM_1KTZ	B	A47N	-0.3	-0.188
Reverse	HM_2NYY	A	A1061R	-0.58	-0.422
Reverse	HM_2NZ9	A	A917I	-0.95	-0.066
Reverse	1MHP	H	Q31R	-1.31	-0.466
Reverse	1MHP	H	I54G	-1.36	-0.171
Reverse	3HFM	L	A31N	-5.22	-1.764
Reverse	3BN9	A	A97F	-6.7	0.613
Reverse	HM_3BN9	H	Q98T	0.16	0.068
Reverse	HM_2NYY	A	A902D	0.49	0.383
Reverse	HM_2NZ9	A	A918N	-0.3	0.123
Reverse	1N8Z	H	A100aY	-8	-2.686
Reverse	3BE1	L	A94T	-1.4	0.31
Reverse	1AK4	D	G488A	-2.49	0.304
Reverse	2JEL	P	A83E	0	-0.081
Reverse	HM_1YY9	L	D97T	0.66	-1.151
Reverse	HM_1KTZ	B	A55E	-1.2	-0.937
Reverse	HM_1KTZ	B	A50I	-1.9	-0.172
Reverse	1BJ1	W	A94M	-1.42	-0.404
Reverse	HM_3BN9	H	N30S	-0.71	-0.904
Reverse	2JEL	P	Q5E	-0.72	-0.372
Reverse	3BDY	H	A100F	-0.7	-1.627
Reverse	1FFW	A	I87T	0.32	0.435
Reverse	2NZ9	A	A918N	-2.16	-0.776
Reverse	3NPS	A	A52Y	-0.46	-0.682
Reverse	1VFB	H	Y99R	-1.26	-1.564
Reverse	1DQJ	H	A32D	-2	-0.135
Reverse	1JRH	I	V14T	0.02	0.123
Reverse	3BN9	A	A60eF	0.05	-0.818
Reverse	1N8Z	L	F91H	-0.03	-0.599
Reverse	2JEL	P	A62T	0	-0.406
Reverse	1MLC	H	D28T	0.15	-0.088
Reverse	1KTZ	B	N32D	-1.7	-0.427
Reverse	3NPS	A	A219R	0.08	0.095
Reverse	3BN9	A	A153L	-0.34	-0.351
Reverse	2NYY	L	N31S	0.36	-0.979
Reverse	2NZ9	A	A1056K	0.01	-0.216
Reverse	1AK4	D	R487H	-1.48	0.017
Reverse	2JEL	P	E69D	-0.96	-0.13
Reverse	HM_1KTZ	B	N32D	-2	-0.437
Reverse	3BN9	H	N30S	-1.36	-0.786
Reverse	1DQJ	C	A20Y	-3.3	-3.071
Reverse	1CZ8	W	A93E	-1.15	-0.424
Reverse	1VFB	H	A31G	-0.3	-0.182
Reverse	3NPS	A	A218Q	0.04	0.549
Reverse	1DQJ	L	A50Y	-2.7	-1.919
Reverse	HM_2NYY	A	A955K	0.5	0.602
Reverse	3NGB	H	N53R	-0.05	-0.207
Reverse	1VFB	L	A32Y	-1.7	-0.776
Reverse	1MHP	H	W99F	0	-1.715
Reverse	3BDY	H	A96G	-0.2	0.64
Reverse	1MHP	H	W53G	-8	-0.888
Reverse	3NPS	A	A23Q	-0.03	-0.244
Reverse	1N8Z	L	F91H	0.43	-0.599
Reverse	3BN9	A	A60aD	-0.42	-0.059
Reverse	1CZ8	V	A17F	0	-0.406
Reverse	2JEL	P	N62T	0	0.871
Reverse	3HFM	L	L50Y	-4.4	-2.129
Reverse	3BE1	L	A92Y	-0.5	-0.813
Reverse	2NYY	A	A1294R	-0.3	-0.034
Reverse	HM_3BN9	H	V100AQ	-0.41	-0.122
Reverse	1CZ8	W	A88G	-2.67	-0.16
Reverse	2NZ9	A	A919L	-2.28	0.129
Reverse	1BJ1	W	A88G	-2.76	-0.257
Reverse	1VFB	C	A118T	-0.8	-0.93
Reverse	2NYY	A	A1056K	0.03	-0.244
Reverse	3K2M	D	A88M	-4	-0.905
Reverse	HM_2NZ9	A	A920E	-0.5	-0.356
Reverse	3BDY	L	A27cP	-0.2	-0.201
Reverse	1MHP	H	M54G	-8	-0.788
Reverse	2NZ9	A	A953F	-3.34	-1.953
Reverse	2NYY	A	A956I	0.01	0.008
Reverse	1KTZ	B	A27L	-1.9	-0.414
Reverse	3HFM	L	F50Y	-2.36	-0.262
Reverse	3BE1	L	A51G	0.3	0.309
Reverse	2JEL	P	E24K	0	-0.034
Reverse	3BN9	A	A217D	-0.57	-2.599
Reverse	1KTZ	B	A112M	-0.8	-0.723
Reverse	1MLC	H	A57S	0.38	-0.165
Reverse	1MHP	H	Y54G	0	-0.484
Reverse	3HFM	H	F95C	-3.25	-2.994
Reverse	1MLC	H	D58T	0.56	-0.116
Reverse	1N8Z	H	A50R	-8	-2.137
Reverse	3BDY	H	A95W	-2	-4.053
Reverse	3HFM	H	A33Y	-6	-3.092
Reverse	1VFB	H	A101Y	-4	-1.937
Reverse	HM_2NYY	A	A915K	0.31	0.104
Reverse	1N8Z	H	A31D	-0.25	-0.844
Reverse	3NPS	A	A141Y	-1.79	0.612
Reverse	3HFM	Y	A20Y	-4.87	-0.729
Reverse	1JTG	A	A235S	-1.32	-1
Reverse	1MHP	H	N53G	-1.26	-2.663
Reverse	1MHP	L	W49L	-1.91	-2.203
Reverse	3NPS	A	A138H	-1.89	-0.677
Reverse	2NYY	H	D31Y	-0.07	-0.009
Reverse	1DVF	B	A99R	-1.89	-3.521
Reverse	3BN9	A	A169E	-0.37	-1.137
Reverse	1DVF	D	A33H	-1.88	-1.522
Reverse	1KTZ	B	A52S	-0.4	-1.715
Reverse	1CZ8	W	A83I	-1.3	0.807
Reverse	3NPS	A	A26I	-0.65	-0.228
Reverse	1YY9	H	A56N	0.06	-0.504
Reverse	1KTZ	B	Q119E	-1.7	-1.304
Reverse	3BN9	H	Q98T	0	0.63
Reverse	HM_2NYY	A	A1063P	-0.24	0.106
Reverse	1CZ8	W	A79Q	-0.65	-0.34
Reverse	2JEL	P	T38N	0	-0.01
Reverse	HM_2NYY	A	A917I	-0.95	0.249
Reverse	1BJ1	W	A80I	-0.82	0.578
Reverse	HM_2NYY	L	Y30D	-0.6	-0.045
Reverse	1KTZ	B	A75E	-1	-0.898
Reverse	HM_1KTZ	B	A119E	-1.5	-1.463
Reverse	3BN9	A	A224K	-0.79	0.332
Reverse	2JEL	P	R75E	-2.75	-0.486
Reverse	1VFB	C	A125R	-1.8	0.936
Reverse	HM_2NYY	H	Q34M	0.01	0.111
Reverse	HM_2NZ9	A	A923T	-0.62	-0.122
Reverse	1KTZ	B	A55E	-1.3	-1.041
Reverse	3BN9	A	A174Q	0.03	-0.73
Reverse	1DVF	D	A102Y	-4.79	-1.391
Reverse	3BDY	H	A31D	-0.2	-1.086
Reverse	1N8Z	L	A94T	0.12	-0.48
Reverse	3BDY	H	A97G	0.1	0.488
Reverse	1VFB	C	A120V	-0.9	-0.114
Reverse	1MLC	H	D65K	-0.02	0.064
Reverse	1KTZ	B	A49S	-0.5	-0.2
Reverse	1MHP	L	R91S	-2.73	-0.226
Reverse	1CZ8	W	A84K	-1.36	-0.154
Reverse	1MHP	L	R31H	-1.12	1.187
Reverse	3NPS	A	A89F	-1.61	-0.432
Reverse	3NGB	H	T30I	-0.08	0.216
Reverse	3BN9	A	A221aQ	-0.71	-0.411
Reverse	3BE1	H	A50R	-2.4	-5.381
Reverse	HM_2NZ9	A	A903R	0.02	0.112
Reverse	3NGB	H	N52K	-0.18	1.464
Reverse	3BE1	H	A100aY	-1.2	-3.434
Reverse	1YY9	L	E31T	0.52	0.946
Reverse	1DVF	D	A55N	-1.88	0.162
Reverse	1BJ1	W	A84K	-0.65	-0.129
Reverse	3BE1	L	A28S	-0.3	-0.523
Reverse	1DQJ	C	A75L	-1.5	1.098
Reverse	HM_2NYY	A	A903R	0.02	0.039
Reverse	1DVF	D	A101I	-2.71	-0.373
Reverse	3BDY	H	A56Y	-0.2	-0.757
Reverse	1KTZ	B	A110F	-0.9	-0.591
Reverse	1DVF	A	A30H	-1.67	0.01
Reverse	1AK4	D	A491I	-0.07	-0.453
Reverse	1VFB	H	E31G	0.51	1.333
Reverse	1CZ8	W	A86H	0	-0.086
Reverse	3BN9	A	A98T	-1.13	-0.532
Reverse	1MHP	L	W30N	-1.58	-2.83
Reverse	3BDY	L	A94T	0	-0.904
Reverse	2NYY	H	Q57Y	-0.52	-0.652
Reverse	3NGB	H	S54G	-0.73	0.305
Reverse	HM_2NYY	H	Q57Y	-1.19	-0.48
Reverse	1BJ1	W	A89Q	-1.75	-1.261
Reverse	HM_2NYY	A	A954S	0.66	-0.275
Reverse	2JEL	P	Q85E	0	-0.145
Reverse	1DVF	C	A49Y	-1.88	-2.922
Reverse	1VFB	H	A54D	-1	-0.746
Reverse	2NZ9	A	A915Q	-0.1	-0.342
Reverse	3BN9	H	H100P	-8	-0.399
Reverse	1MHP	H	Q35S	-2.73	-2.385
Reverse	2NZ9	A	A1064H	-7.42	-4.66
Reverse	1AK4	D	G492A	-0.41	-0.202
Reverse	1CZ8	W	A81M	-4.1	-1.819
Reverse	HM_2NZ9	A	A955K	0.5	-0.052
Reverse	3BDY	L	A92Y	-1.4	-1.156
Reverse	2JEL	P	K17R	0	0.112
Reverse	1MHP	H	Y56H	-8	0.487
Reverse	HM_2NYY	A	A918N	-0.3	0.255
Reverse	1MLC	L	G32N	0.85	0.214
Reverse	3BN9	A	A60bD	-0.31	-0.708
Reverse	HM_1KTZ	B	A27L	-1.8	-0.404
Reverse	1N8Z	H	A56Y	-0.87	-0.942
Reverse	HM_1KTZ	B	A32D	-1.5	-1.077
Reverse	1MHP	L	D52N	-0.5	0.258
Reverse	1CZ8	W	A94M	-1.91	-1.496
Reverse	3BDY	H	A98D	0	-1.857
Reverse	1MHP	L	F49L	-0.71	-2.036
Reverse	2JEL	P	A70E	-2.75	-1.93
Reverse	2JEL	P	E72K	-0.41	1.275
Reverse	3BN9	A	A150T	-0.29	-0.173
Reverse	HM_2NZ9	A	A1064R	-4.44	-3.764
Reverse	HM_1KTZ	B	L52S	-4	-1.596
Reverse	2NYY	L	R34H	-0.1	-0.62
Reverse	3HFM	H	A95C	-5.52	-2.158
Reverse	3HFM	L	A96Y	-2.71	-0.929
Reverse	3BE1	L	A52S	-0.3	-0.05
Reverse	3BDY	L	A32Y	-1.7	-1.559
Reverse	1VFB	H	E32Y	-1.91	0.148
Reverse	2NYY	L	Q28S	-0.42	-1.962
Reverse	1KTZ	B	A51T	-1.3	-0.984
Reverse	3BN9	A	A41I	0	-0.304
Reverse	1VFB	C	A18D	-0.3	-1.282
Reverse	HM_1KTZ	B	A53I	-1.4	-0.327
Reverse	HM_1YY9	L	Y27Q	0.83	0.423
Reverse	1DVF	A	A32Y	-2.05	-1.266
Reverse	1YY9	L	A93N	0.74	-0.186
Reverse	1MHP	L	K52N	-0.66	-0.21
Reverse	3BE1	L	A93T	0.4	-1.159
Reverse	2NZ9	A	A955S	0.08	0.18
Reverse	1BJ1	W	A79Q	0	-1.127
Reverse	2NZ9	A	A1294R	-0.39	-0.069
Reverse	1VFB	H	E28S	0.1	0.237
Reverse	3NGB	H	S74Y	-0.33	-0.025
Reverse	1MHP	H	Q50T	-8	-3.64
Reverse	1KTZ	B	A62V	-0.7	-0.011
Reverse	1VFB	C	A23Y	-0.4	-2.13
Reverse	3BN9	A	A95N	-0.77	-0.678
Reverse	1MHP	H	D64K	0.12	0.185
Reverse	1N8Z	H	A30K	-0.61	-0.224
Reverse	1MHP	H	N54G	-8	-1.122
Reverse	HM_2NYY	L	Q28S	-0.7	-0.78
Reverse	3NGB	H	Q61R	-0.1	-1.246
Reverse	3BN9	H	R98T	0.06	0.256
Reverse	3BDY	H	A50R	0.3	-2.498
Reverse	3BN9	A	A38Q	0.42	-0.011
Reverse	1BJ1	W	A45Y	-0.82	-0.5
Reverse	HM_1YY9	H	D97R	0.99	-2.922
Reverse	2NYY	A	A902S	0.23	-0.258
Reverse	3BE1	H	A97G	-0.3	0.388
Reverse	2NZ9	A	A954N	0.15	-1.331
Reverse	3HFM	H	A50Y	-8	-3.716
Reverse	2JEL	P	Q34T	0	-1.441
Reverse	HM_1KTZ	B	A112M	-0.9	-0.686
Reverse	2JEL	P	E57Q	0.41	0.008
Reverse	1MHP	L	E52N	0.18	-0.084
Reverse	2NYY	L	Y30D	-0.65	-1.654
Reverse	2NZ9	A	A1061R	-0.29	-1.245
Reverse	3BN9	A	A60I	-0.84	0.436
Reverse	1DQJ	L	A32N	-4.1	-2.155
Reverse	3BN9	H	V100aQ	-1.36	0.135
Reverse	3BE1	H	A100F	-1.9	-0.281
Reverse	1CZ8	W	A45Y	-1.94	-0.168
Reverse	3BN9	A	A60gY	-0.02	-0.64
Reverse	3NPS	A	A221K	0.1	-0.101
Reverse	1MHP	L	V30N	-1.05	-2.277
Reverse	1DVF	B	A30T	-0.92	0.354
Reverse	HM_2NYY	A	A919L	-0.41	0.155
Reverse	3NPS	A	A51R	-0.14	0.107
Reverse	1VFB	C	A121Q	-2.9	-0.929
Reverse	2NZ9	A	A923K	0.3	0.165
Reverse	3BE1	L	A53Y	-0.9	-1.23
Reverse	1N8Z	H	A33Y	0.09	-2.809
Reverse	2JEL	P	C43S	0	-1.345
Reverse	3NGB	H	T73V	-0.16	0.365
Reverse	HM_3BN9	H	R98T	1.57	-0.137
Reverse	1BJ1	W	A48K	-0.41	-2.021
Reverse	2JEL	P	D76H	0.66	0.922
Reverse	1DQJ	C	A93N	-0.6	-2.533
Reverse	2JEL	P	K70E	-4.13	-0.636
Reverse	HM_1YY9	H	L50V	0.6	0.665
Reverse	3NPS	A	A92F	-0.47	-1.52
Reverse	HM_2NYY	L	N31S	-1.2	0.01
Reverse	2JEL	P	Y2F	0	1.049
Reverse	1MHP	H	M52S	-2.08	1.429
Reverse	3NPS	A	A140Q	-0.3	1.446
Reverse	3BDY	H	A32T	0.4	0.174
Reverse	HM_2NYY	A	A923T	-0.62	0.035
Reverse	1DQJ	H	A50Y	-6.9	-3.405
Reverse	1CZ8	V	A21Y	0	-0.861
Reverse	3BDY	H	A33Y	-0.3	-0.682
Reverse	3BN9	A	A222R	0.09	0.172
Reverse	1N8Z	H	A52Y	-0.23	-0.326
Reverse	2NYY	A	A915Q	-0.52	-0.253
Reverse	1MHP	H	T52S	-8	3.124
Reverse	1DVF	B	A54D	-4.32	-0.236
Reverse	2JEL	P	A76H	0.41	0.438
Reverse	1DQJ	C	A101D	-1.3	1.699
Reverse	3HFM	Y	A97K	-6.18	-3.624
Reverse	3BDY	L	A52S	-0.1	-0.251
Reverse	2NZ9	A	A1058D	0.03	-0.398
Reverse	1CZ8	W	A82R	-0.82	-1.548
Reverse	3BN9	A	A60fR	0.07	-0.096
Reverse	2NYY	A	A1063T	-1.62	-0.84
Reverse	1MHP	H	Y99F	-0.76	0.818
Reverse	1FFW	A	W106Y	-0.71	0.176
Reverse	1MHP	L	K49L	-0.93	-0.377
Reverse	2NYY	A	A953F	-4.06	-2.179
Reverse	1MHP	H	Q64K	0.16	0.025
Reverse	HM_2NYY	H	Q31Y	-1.33	-0.823
Reverse	3HFM	L	A50Y	-4.57	-2.872
Reverse	3BN9	A	A143H	-0.09	-0.986
Reverse	1N8Z	H	A54N	0.15	0.011
Reverse	3BE1	L	A91H	-0.9	-5.327
Reverse	3NPS	A	A147L	-0.3	-0.396
Reverse	1N8Z	L	A30N	-1.12	-0.256
Reverse	2NZ9	A	A1062D	-2.34	-2.701
Reverse	2JEL	P	R72K	0	-0.109
Reverse	3BDY	L	A31G	-1.2	0.861
Reverse	1DVF	B	A56N	-1.17	-0.313
Reverse	1DQJ	C	A97K	-3.5	-4.477
Reverse	3HFM	H	A32D	-1.9	-1.573
Reverse	3BE1	L	A30S	0.2	-0.526
Reverse	1KTZ	B	A77V	-0.5	-0.162
Reverse	HM_1YY9	L	V25A	0.62	0.211
Reverse	1JRH	I	Q45E	-0.11	-0.126
Reverse	1N8Z	H	V102Y	-0.22	-0.689
Reverse	3BE1	L	A27dR	0.2	-0.094
Reverse	1DVF	D	A52D	-1.7	-2.231
Reverse	3K2M	D	A36Y	-3.7	-1.722
Reverse	3NPS	A	A163E	-0.62	-0.182
Reverse	1MHP	H	W58Y	-0.82	0.916
Reverse	2JEL	P	C46S	0	-0.056
Reverse	HM_1KTZ	B	Q119E	-1.6	-1.491
Reverse	3BE1	H	A31D	-0.4	-0.246
Reverse	3BDY	L	A53Y	-0.7	-1.042
Reverse	1VFB	C	A116K	-0.7	-0.976
Reverse	HM_1YY9	L	C97T	0.51	1.224
Reverse	3NPS	A	A45I	0.34	-0.577
Reverse	1DVF	A	A93S	-1.17	0.295
Reverse	HM_3BN9	H	R28T	0.24	-0.496
Reverse	3BDY	H	A30K	-0.2	-0.296
Reverse	3HFM	Y	A21R	-1.03	-0.177
Reverse	1MHP	H	D60L	0.12	0.276
Reverse	3BE1	H	A53T	-0.1	0.106
Reverse	1KTZ	B	A53I	-1.2	-0.31
Reverse	3HFM	L	A53Q	-0.95	0.368
Reverse	1MHP	L	Q28S	0.67	0.166
Reverse	2JEL	P	A85E	0	-0.021
Reverse	3BDY	L	A93T	0.3	-1.084
Reverse	2NZ9	A	A902S	0.12	-0.204
Reverse	HM_2NYY	A	A957N	-0.01	0.234
Reverse	1DVF	B	A32Y	-1.85	-0.914
Reverse	HM_1YY9	H	G51I	0.51	-1.164
Reverse	1VFB	H	A32Y	-1.1	-1.919
Reverse	3BDY	H	A100aY	-0.5	-3.274
Reverse	1MHP	H	L100G	-2.73	-3.75
Reverse	2NZ9	A	A903K	-0.54	-0.267
Reverse	1BJ1	W	A93E	-0.82	-0.347
Reverse	1BJ1	W	A86H	0	0.176
Reverse	HM_2NZ9	A	A919L	-0.41	-0.178
Reverse	2NYY	A	A1058D	-0.01	-0.375
Reverse	1VFB	L	A50Y	-0.5	-1.913
Reverse	1MLC	H	V57S	0.49	-0.136
Reverse	1AK4	D	A486V	-0.82	-0.178
Reverse	2JEL	P	K4Q	-1.38	-0.143
Reverse	3NGB	H	T57V	-0.14	1.482
Reverse	1JTG	A	A243R	-0.56	-0.623
Reverse	HM_1YY9	L	Y30G	0.92	1.021
Reverse	2NYY	H	Q34M	0.06	0.139
Reverse	2NYY	A	A917F	-0.42	-1.065
Reverse	HM_1YY9	H	Y100T	0.45	0.49
Reverse	1VFB	L	R50Y	-0.85	0.846
Reverse	1KTZ	B	A118D	-0.9	-0.788
Reverse	1MHP	H	A35S	-1.58	-3.344
Reverse	2NZ9	A	A956I	-0.07	-0.422
Reverse	3BN9	H	R28T	-0.3	-0.45
Reverse	3HFM	L	E31N	-5.67	-0.595
Reverse	3BE1	L	A29I	-0.9	0.185
Reverse	HM_2NYY	H	D31Y	-0.97	-0.725
Reverse	1KTZ	B	A62V	-0.7	-0.01
Reverse	1MLC	H	W31T	-0.13	-0.342
Reverse	1DQJ	C	A62W	-0.8	-0.011
Reverse	1N8Z	H	A53T	-0.78	0.153
Reverse	1AK4	D	V490P	-2.86	0.647
Reverse	3NPS	A	A93T	-0.73	0.08
Reverse	1N8Z	H	A32T	-0.38	0.223
Reverse	3BE1	L	A27aD	0	0.006
Reverse	2NYY	A	A955S	0	0.388
Reverse	3BDY	H	A58R	0.2	-0.699
Reverse	3BDY	H	A99G	-0.8	0.448
Reverse	1VFB	H	A52W	-0.9	0.05
Reverse	3NPS	A	A169Q	-0.75	-0.322
Reverse	2JEL	P	K3Q	-4.13	0.388
Reverse	1DVF	D	A106R	-4.13	-2.254
Reverse	1DVF	B	A58D	-1.62	-1.834
Reverse	1DVF	B	A98E	-4.23	-1.334
Reverse	1CZ8	W	A91I	-1.06	0.523
Reverse	1DQJ	C	A63W	-1.3	-0.355
Reverse	1MHP	L	Q91S	-1.78	-0.262
Reverse	3BE1	H	A96G	-0.1	0.399
Reverse	1FFW	A	I112T	-0.56	0.355
Reverse	3BE1	H	A95W	-1.8	-3.418
Reverse	1MHP	H	V50T	0.26	-1.377
Reverse	1KTZ	B	A125I	-0.5	-0.141
Reverse	HM_1KTZ	B	A79H	-0.3	-0.401
Reverse	1KTZ	B	A125I	-0.5	-0.141
Reverse	3BE1	L	A32Y	0.8	-3.971
Reverse	1MHP	L	Y52N	0.1	0.1
Reverse	1AK4	D	V489G	-2.86	0.166
Reverse	1DVF	A	A92W	-0.34	-1.872
Reverse	3NPS	A	A82R	0.15	0.146
Reverse	1VFB	L	R53T	-1.67	0.42
Reverse	3BE1	H	A98D	0.1	-0.358
Reverse	1VFB	L	F52T	-0.47	0.277
Reverse	1MHP	H	S100G	-0.56	1.902
Reverse	3K2M	D	A80W	-4	-2.409
Reverse	1KTZ	B	A47N	-0.3	-0.166
Reverse	1MHP	H	V100G	-8	-0.24
Reverse	1FFW	A	K93E	-0.82	-0.089
Reverse	2JEL	P	W2F	-2.64	2.899
Reverse	3NGB	H	G56A	0.06	-0.453
Reverse	1AK4	D	A489G	-1.91	0.745
Reverse	3NPS	A	A50F	-0.22	-0.601
Reverse	3BN9	A	A146Y	-1.09	-0.947
Reverse	3BE1	H	A32T	0.4	0.01
Reverse	1DQJ	L	A91S	-1.4	-2.719
Reverse	1N8Z	L	S30N	-0.06	-1.115
Reverse	1AK4	D	A493P	-0.51	0.061
Reverse	3BE1	H	A33Y	-2.4	-1.078
Reverse	HM_1KTZ	B	A77V	-0.4	-0.324
Reverse	1VFB	L	W31N	-0.17	0.724
Reverse	HM_2NYY	A	A1064R	-4.44	-3.5
Reverse	3BDY	L	A27aD	0	0.095
Reverse	1MHP	L	R52N	-0.85	-0.88
Reverse	2NYY	A	A918N	-0.89	-1.22
Reverse	2JEL	P	C41S	-1.51	-1.308
Reverse	HM_2NZ9	A	A953F	-1.53	-0.835
Reverse	1N8Z	L	G66R	-0.22	-0.23
Reverse	1CZ8	W	A48K	0	-1.104
Reverse	1MLC	H	A31T	-0.45	0.324
Reverse	3BE1	H	A52Y	0.8	-0.901
Reverse	2JEL	P	S7T	0	-0.014
Reverse	1MHP	H	I100G	-8	-0.641
Reverse	1MHP	H	Q53G	-8	-0.289
Reverse	HM_2NZ9	A	A954S	0.66	0.106
Reverse	1KTZ	B	L52S	-3.7	-1.347
Reverse	2JEL	P	T64S	-4.13	0.721
Reverse	1VFB	H	N28S	-0.15	-0.064
Reverse	1BJ1	W	A91I	-0.41	-0.56
Reverse	HM_2NZ9	A	A1061R	-0.58	-0.424
Reverse	3BDY	L	A27dR	0.2	0.185
Reverse	1VFB	C	A119D	-1	-2.351
Reverse	1N8Z	L	A92Y	-1.36	0.38
Reverse	1VFB	H	D28S	0	0.239
Reverse	1VFB	C	A19N	-0.3	-0.787
Reverse	3HFM	Y	M97K	-1.09	-2.938
Reverse	3BN9	A	A96D	-6.7	-1.391
Reverse	HM_2NYY	A	A953F	-1.53	-0.796
Reverse	1KTZ	B	A50I	-1.9	-0.366
Reverse	1AK4	D	V492A	-0.19	0.014
Reverse	2NYY	A	A903K	-0.29	-0.394
Reverse	1VFB	C	A124I	-1.2	-0.242
Reverse	1FFW	A	V111F	-1.26	-0.201
Reverse	3HFM	L	D31N	-1.34	-3.43
Reverse	1N8Z	L	N28D	0.28	-0.521
Reverse	1VFB	H	Q28S	-0.08	0.133
Reverse	3K2M	D	A52E	-2.5	-0.308
Reverse	3BDY	H	A53T	0.5	-0.036
Reverse	1MHP	L	W91S	-8	-1.267
Reverse	1DQJ	L	A31N	-2	-2.58
Reverse	1AK4	D	Q487H	-0.8	-1.081
Reverse	HM_2NZ9	A	A957N	-0.01	0.052
Reverse	2JEL	P	F6V	0	0.488
Reverse	3BE1	L	A31G	-0.3	0.503
Reverse	1N8Z	H	A98D	-1.21	-0.709
Reverse	3BDY	L	A30S	-1.3	-0.721
Reverse	2NZ9	A	A920E	-2.77	-1.377
Reverse	HM_2NZ9	A	A1063P	-0.24	0.111
Reverse	3NPS	A	A91D	-1.52	-0.471
Reverse	1MHP	H	N33T	-2.73	-2.79
Reverse	1AK4	D	A490P	-2	-0.028
Reverse	1CZ8	W	A87Q	0	-1.239
Reverse	1DVF	D	A104Q	-1.64	0.475
Reverse	3BE1	H	A56Y	-1.8	-0.735
Reverse	1DQJ	L	A96Y	-1.1	-2.683
Reverse	2JEL	P	D85E	0	-0.033
Reverse	3HFM	L	A32N	-5.11	-1.75
Reverse	1DVF	B	A100D	-2.82	-2.616
Reverse	HM_2NYY	A	A920E	-0.5	-0.854
Reverse	2JEL	P	E71Q	-2.75	0.457
Reverse	1AK4	D	A485P	-0.92	0.235
Reverse	1MHP	H	Q33T	-8	-2.911
Reverse	1MLC	L	A92N	1.25	0.51
Reverse	1VFB	H	W31G	-0.01	-0.157
Reverse	3BE1	H	A99G	-1.8	0.816
Reverse	1VFB	L	D46L	-8	-4.752
Reverse	HM_1KTZ	B	A51T	-1.5	-1.316
Reverse	2JEL	P	K66E	-4.13	1.735
Reverse	3K2M	D	A38R	-2.5	-0.282
Reverse	1KTZ	B	A32D	-1.4	-1.172
Reverse	1MHP	L	K31H	-1.17	0.715
Reverse	1MHP	L	R24S	0.07	0.197
Reverse	1VFB	H	W99R	-0.71	0.37
Reverse	1BJ1	V	A17F	0	-0.358
Reverse	HM_1YY9	L	S97T	0.7	-0.488
Reverse	3BDY	H	A52Y	-0.4	-0.532
Reverse	1MHP	H	T54G	-1.17	-1.102
Reverse	1FFW	A	V90A	-0.09	0.145
Reverse	HM_2NYY	A	A1062D	0.14	-0.086
Reverse	1KTZ	B	A30F	-2.9	-2.07
Reverse	HM_1YY9	H	W98A	0.23	3.226
Reverse	1MHP	L	Y30N	-1.91	-1.911
Reverse	1MHP	H	V35S	-8	-1.902
Reverse	1AK4	D	V491I	0.17	-0.174
Reverse	3K2M	D	A35Y	-1	-1.812
Reverse	2JEL	P	K85E	0	-0.142
Reverse	1MHP	H	V33T	-0.43	-0.7
Reverse	3BE1	H	A58R	-2.5	0.266
Reverse	1MHP	H	E50T	-8	-3.817
Reverse	3BDY	L	A91H	-2	-4.495
Reverse	1KTZ	B	A79H	-0.4	-0.289
Reverse	1MHP	H	E59Y	-0.54	-0.217
Reverse	HM_1YY9	H	P57T	0.48	-0.156
Reverse	HM_1KTZ	B	A52S	-0.2	-1.792
Reverse	1N8Z	L	F92Y	0.21	-1.528
Reverse	HM_2NYY	H	R30K	-0.51	-0.216
Reverse	1BJ1	W	A83I	-3.69	0.965
Reverse	1VFB	C	A24S	-0.8	-2.783
Reverse	1N8Z	L	S94T	-0.31	-0.354
Reverse	3BDY	L	A29I	-0.8	-0.138
Reverse	1DVF	A	A50Y	-0.69	-1.34
Reverse	1CZ8	W	A89Q	-1.06	-0.252
Reverse	3BN9	A	A94F	-0.64	-0.224
Reverse	3NPS	A	A48R	1.07	-0.222
Reverse	1JTG	A	A234K	-0.82	-0.548
Reverse	1DQJ	H	A53Y	-1.2	-0.95
Reverse	1N8Z	L	A50S	0.07	-1.198
Reverse	2JEL	P	E79K	-0.41	0.405
Reverse	2JEL	P	G17R	0	0.111
Reverse	3BDY	L	A27bI	-1.1	-0.081
Reverse	2NYY	A	A923K	0.14	0.159
Reverse	1VFB	L	E46L	-8	-4.306
Reverse	1VFB	H	A100D	-2.9	-2.034
Reverse	3BE1	H	A30K	0.3	-0.417
Reverse	1N8Z	H	F100aY	-0.82	-1.418
Reverse	HM_1KTZ	B	A49S	-0.3	-0.083
Reverse	1MHP	H	F100G	-0.57	-2.679
Reverse	1N8Z	L	A31T	-0.8	-0.881
Reverse	1MHP	L	K30N	-8	-1.046
Reverse	1JTG	A	A130S	-0.5	-2.154
Reverse	1N8Z	L	A93T	-0.82	-0.353
Reverse	1BJ1	W	A81M	-3.69	-2.409
Reverse	2NYY	A	A1061R	-0.82	-0.131
Reverse	1MHP	H	E58Y	-2.08	1.083
Reverse	1CZ8	W	A92G	-4.1	-0.175
Reverse	3HFM	Y	A96K	-6.83	-3.829
Reverse	3HFM	H	N32D	-0.17	2.076
Reverse	1AK4	D	V488A	-0.6	0.023
Reverse	1MLC	H	V31T	-0.53	0.081
Reverse	3BN9	H	G30S	-1.36	0.277
Reverse	1CZ8	W	A90H	0	0.433
Reverse	1KTZ	B	A119E	-1.4	-1.568
Reverse	2NZ9	A	A1063T	-2.37	0.321
Reverse	1N8Z	H	F100aY	0.05	-1.418
Reverse	1DQJ	H	A98W	-4.9	-4.357
Reverse	3NPS	A	A214D	-1.48	-1.968
Reverse	2JEL	P	A68E	-0.41	-0.84
Reverse	3BN9	A	A145Q	-0.13	-0.964
Reverse	2NYY	A	A1062D	-2.53	-2.25
Reverse	2NYY	A	A954N	-0.1	-1.736
Reverse	3NGB	H	K62P	-0.23	-0.362
Reverse	1VFB	H	F101Y	-1.6	0.01
Reverse	1VFB	L	A92W	-3.3	-0.493
Reverse	2JEL	P	E27K	0	-0.073
Reverse	HM_1YY9	H	G57T	0.46	-0.446
Reverse	1DQJ	C	A96K	-6.1	-3.317
Reverse	HM_3BN9	H	S99Y	-0.54	0.378
Reverse	1JTG	B	A49D	-1.98	-1.78
Reverse	1DVF	A	A49Y	-1.75	-1.653
Reverse	HM_1KTZ	B	A118D	-0.8	-0.974
Reverse	2NYY	A	A1064H	-7.32	-4.314
Reverse	1MHP	L	D93N	-8	0.999
Reverse	1VFB	L	W32Y	-8	2.882
Reverse	1DQJ	H	A33Y	-5.5	-3.08
Reverse	1MHP	H	Q58Y	-2.08	-1.202
Reverse	2JEL	P	N7T	-0.41	-0.183
Reverse	HM_1YY9	H	R32Y	0.13	0.265
Reverse	HM_3BN9	H	H100P	-1.36	-4.061
Reverse	3BE1	L	A50W	-1.4	-1.082
Reverse	1MLC	L	Y32N	0	0.648
Reverse	1MHP	L	W31H	-1.26	0.415
Reverse	2NYY	H	R30K	-0.07	-0.28
Reverse	3BDY	L	A28S	-1	-0.415
Reverse	HM_2NZ9	A	A902D	0.49	0.276
Reverse	1N8Z	H	W98D	0.69	0.558
Reverse	3BE1	L	A27bI	0.2	-0.216
Reverse	1MHP	L	S92G	-0.51	0.161
Reverse	3BN9	H	S99Y	-0.41	0.642
Reverse	HM_1KTZ	B	A110F	-0.9	-0.649
Reverse	3HFM	L	F96Y	-1.4	-0.974
Reverse	1BJ1	W	A87Q	0	-1.052
Reverse	2JEL	P	S82A	0	0.03
Reverse	HM_2NZ9	A	A1062D	0.14	-0.092
Reverse	2JEL	P	D12N	0	0.076
Reverse	1N8Z	L	A52S	0.31	-0.132
Reverse	1YY9	L	D26S	0.2	0.028
Reverse	1MHP	L	T91S	-2.32	0.75
Reverse	1N8Z	L	A49Y	-1.05	-2.321
Reverse	3BDY	L	A50W	-1.3	-3.548
Reverse	1CZ8	W	A80I	-0.95	-0.332
Reverse	1DVF	B	F101Y	-2.03	0.144
Reverse	3NPS	A	A90N	-0.26	-0.43
Reverse	3HFM	H	A31S	-0.17	-0.621
Reverse	3NPS	A	A144T	-0.18	0.185
Reverse	1DVF	D	A30K	-1.01	-0.749
Reverse	1N8Z	L	N53F	-1.21	-0.106
Reverse	3BE1	L	A27cP	-0.1	-0.027
Reverse	1DVF	A	A49Y	-1.64	-1.918
Reverse	2NZ9	A	A917F	0.05	-2.468
Reverse	1BJ1	W	A82R	-3.69	-2.195
Reverse	2JEL	P	E11P	0	0.003
Reverse	HM_1YY9	H	D33G	0.89	0.12
Reverse	HM_1KTZ	B	A30F	-3	-1.988
Reverse	1FFW	A	M108V	-1.13	-0.849
Reverse	1MHP	L	Y49L	-8	-0.145
Reverse	1DQJ	C	A100S	-0.8	-0.051
Reverse	1VFB	H	E58D	-0.08	-0.189
Reverse	1N8Z	H	A95W	-8	-1.222
Reverse	HM_2NYY	L	R34H	-0.63	-0.022
Reverse	3BE1	H	A54N	0.8	-0.145
Reverse	1DQJ	C	A21R	-1.3	-0.863
Reverse	3NGB	H	Y33T	-0.08	1.336
Reverse	3NPS	A	A46D	-0.34	-1.155
Reverse	1MHP	L	K91S	-8	-0.604
Reverse	1YY9	H	E61T	0.06	0.157
Reverse	HM_1YY9	H	Q50V	0.64	0.542
Reverse	2NYY	A	A920E	-2.84	-1.999
Reverse	1VFB	H	N58D	0.13	0.355
Reverse	3K2M	D	A87Y	-4	-0.812
Reverse	2JEL	P	D5E	-0.41	-0.118
Reverse	3BDY	L	A51G	-1	0.334
Reverse	1VFB	L	K50Y	-1.67	-1.309
Reverse	1MHP	H	S102G	-8	1.744
Reverse	3BN9	A	A175Q	-2.51	-0.332
Reverse	1MHP	H	E64K	0.16	0.345
Reverse	1VFB	C	A129L	-0.2	-0.1
Reverse	1FFW	A	K117E	-0.71	0.249
Reverse	1BJ1	W	A92G	-3.69	0.841
Reverse	2JEL	P	Q36T	-0.41	-0.047
Reverse	3BN9	A	A87R	0.16	0.171
Reverse	1FFW	A	K13D	-0.05	-0.027
Reverse	3BDY	H	A54N	0.2	0.194
Reverse	1MHP	L	Q90W	-2.08	1.467
Reverse	1DVF	B	A52W	-4.17	-2.893
Reverse	1BJ1	W	A90H	0	-1.806
Reverse	1N8Z	H	A100F	-1.17	-0.86
Reverse	1N8Z	L	A91H	-8	-3.6
Reverse	3NPS	A	A47D	-1.08	-0.95
Reverse	HM_2NZ9	A	A915K	0.31	0.079
Reverse	1MHP	H	S53G	-0.68	-1.556
Reverse	2NYY	A	A919L	-2.59	0.099
Reverse	1BJ1	V	A21Y	0	-0.657
Reverse	1AK4	D	A487H	-0.84	-0.953
Reverse	1MHP	H	A53G	-0.51	-0.851
Reverse	HM_1KTZ	B	A75E	-1.1	-0.835
Reverse	1MHP	H	N64K	0.07	-0.189
Reverse	2NYY	H	Q31Y	-0.13	-0.163
Reverse	1MHP	H	M100G	-0.1	-0.673
Reverse	1MHP	L	Q92G	-1.58	-0.659
