pdb_name,biounit_chains,mutation_list,ddg,ddg_path
1TM1,EI,"RI48A,RI46A",5.051923095,"RI48A=2.923,RI46A=3.08"
1TM1,EI,"TI39A,EI41A",3.390395913,"TI39A=2.572,EI41A=2.925"
1TM1,EI,"TI39D,EI41A",0.75417104,"TI39D=2.099,EI41A=2.925"
1BRS,AD,"KA25A,YD29A",8.624588888,"KA25A=5.381,YD29A=3.471"
1BRS,AD,"KA25A,DD35A",9.549197743,"KA25A=5.381,DD35A=4.503"
1BRS,AD,"KA25A,WD38F",5.113169807,"KA25A=5.381,WD38F=1.643"
1BRS,AD,"KA25A,DD39A",8.278043819,"KA25A=5.381,DD39A=7.651"
1BRS,AD,"KA25A,TD42A",5.72392507,"KA25A=5.381,TD42A=1.858"
1BRS,AD,"KA25A,ED74A",6.696013437,"KA25A=5.381,ED74A=1.364"
1BRS,AD,"KA25A,ED78A",5.513151129,"KA25A=5.381,ED78A=0.543"
1BRS,AD,"RA57A,YD29A",8.12260559,"RA57A=5.245,YD29A=3.471"
1BRS,AD,"RA57A,DD35A",6.334463974,"RA57A=5.245,DD35A=4.503"
1BRS,AD,"RA57A,WD38F",6.277997269,"RA57A=5.245,WD38F=1.643"
1BRS,AD,"RA57A,TD42A",6.82085553,"RA57A=5.245,TD42A=1.858"
1BRS,AD,"RA57A,ED74A",4.970292868,"RA57A=5.245,ED74A=1.364"
1BRS,AD,"RA57A,ED78A",5.201466231,"RA57A=5.245,ED78A=0.543"
1BRS,AD,"RA81Q,YD29A",8.293043405,"RA81Q=5.42,YD29A=3.471"
1BRS,AD,"RA81Q,DD35A",9.605664448,"RA81Q=5.42,DD35A=4.503"
1BRS,AD,"RA81Q,WD38F",6.758434484,"RA81Q=5.42,WD38F=1.643"
1BRS,AD,"RA81Q,DD39A",6.439104938,"RA81Q=5.42,DD39A=7.651"
1BRS,AD,"RA81Q,TD42A",6.107559454,"RA81Q=5.42,TD42A=1.858"
1BRS,AD,"RA81Q,ED74A",6.721075566,"RA81Q=5.42,ED74A=1.364"
1BRS,AD,"RA81Q,ED78A",5.764044836,"RA81Q=5.42,ED78A=0.543"
1BRS,AD,"RA85A,YD29A",8.052824797,"RA85A=5.565,YD29A=3.471"
1BRS,AD,"RA85A,WD38F",7.040989097,"RA85A=5.565,WD38F=1.643"
1BRS,AD,"RA85A,DD39A",7.185323483,"RA85A=5.565,DD39A=7.651"
1BRS,AD,"RA85A,TD42A",7.020199175,"RA85A=5.565,TD42A=1.858"
1BRS,AD,"RA85A,ED74A",6.866451252,"RA85A=5.565,ED74A=1.364"
1BRS,AD,"RA85A,ED78A",6.12698585,"RA85A=5.565,ED78A=0.543"
1BRS,AD,"HA100A,YD29A",6.306903098,"HA100A=6.146,YD29A=3.471"
1BRS,AD,"HA100A,YD29F",5.549701607,"HA100A=6.146,YD29F=-0.132"
1BRS,AD,"HA100A,WD38F",7.642168375,"HA100A=6.146,WD38F=1.643"
1BRS,AD,"HA100A,DD39A",8.991339895,"HA100A=6.146,DD39A=7.651"
1BRS,AD,"HA100A,TD42A",8.135627037,"HA100A=6.146,TD42A=1.858"
1BRS,AD,"HA100A,ED74A",7.563057436,"HA100A=6.146,ED74A=1.364"
1BRS,AD,"HA100A,ED78A",6.745120396,"HA100A=6.146,ED78A=0.543"
1BRS,AD,"RA57A,DD39A",11.36133482,"RA57A=5.245,DD39A=7.651"
1BRS,AD,"EA71Q,DD39A",7.207326881,"EA71Q=1.452,DD39A=7.651"
1BRS,AD,"EA71Q,ED74A",3.527010823,"EA71Q=1.452,ED74A=1.364"
1BRS,AD,"EA71W,DD39A",6.665239539,"EA71W=1.657,DD39A=7.651"
1BRS,AD,"EA71W,DD35A",5.712494774,"EA71W=1.657,DD35A=4.503"
1BRS,AD,"EA71W,ED74A",3.549655056,"EA71W=1.657,ED74A=1.364"
1BRS,AD,"EA71F,DD39A",7.47173056,"EA71F=2.235,DD39A=7.651"
1BRS,AD,"EA71F,DD35A",6.410199108,"EA71F=2.235,DD35A=4.503"
1BRS,AD,"EA71A,DD39A",7.185323483,"EA71A=2.348,DD39A=7.651"
1BRS,AD,"EA71A,DD35A",6.440232344,"EA71A=2.348,DD35A=4.503"
1BRS,AD,"HA100Q,RA57K",6.912182407,"HA100Q=4.551,RA57K=2.488"
1BRS,AD,"HA100Q,RA57A",9.308979135,"HA100Q=4.551,RA57A=5.245"
1B2U,AD,"AA27K,AD36D",-9.549197743,"AA27K=-5.046,AD36D=-4.168"
1B2S,AD,"AA27K,AD43T",-5.72392507,"AA27K=-3.866,AD43T=-0.343"
1B3S,AD,"AA102H,FD30Y",-5.549701607,"AA102H=-5.682,FD30Y=0.596"
1SBB,AB,"LB20T,VB26Y,YB91V",0.13220184,"LB20T=-0.091,VB26Y=-1.456,YB91V=0.079"
1DVF,ABCD,"EB98A,YD102A",4.63537158,"EB98A=4.189,YD102A=4.742"
1DVF,ABCD,"DB54A,YC49A",4.494883564,"DB54A=4.283,YC49A=1.861"
1DVF,ABCD,"DB58A,QD104A",1.464828127,"DB58A=1.601,QD104A=1.629"
1DVF,ABCD,"YA49A,ND55A",2.031278712,"YA49A=1.629,ND55A=1.861"
1DVF,ABCD,"YA32A,RD106A",4.652670677,"YA32A=2.031,RD106A=4.093"
1DVF,ABCD,"NB56A,QD104A",1.487530215,"NB56A=1.163,QD104A=1.629"
1DVF,ABCD,"WB52A,QD104A",4.164727183,"WB52A=4.135,QD104A=1.629"
1DVF,ABCD,"DB100A,HD33A",4.149976579,"DB100A=2.791,HD33A=1.861"
1DVF,ABCD,"DB100A,DD52A",4.321657735,"DB100A=2.791,DD52A=1.683"
1DVF,ABCD,"YA49A,HD33A",2.626220537,"YA49A=1.629,HD33A=1.861"
1DVF,ABCD,"DB100A,ND55A",4.092513318,"DB100A=2.791,ND55A=1.861"
1DVF,ABCD,"NB56A,ND55A",2.302123305,"NB56A=1.163,ND55A=1.861"
1DVF,ABCD,"NB56A,HD33A",2.527130499,"NB56A=1.163,HD33A=1.861"
3BP8,AC,"FA115A,AC51F",-0.774552233,"FA115A=0.709,AC51F=0.615"
2WPT,AB,"NA31V,RA35T",-2.588293212,"NA31V=-0.897,RA35T=-1.038"
2WPT,AB,"DA30L,NA31V,RA35T",-6.336045956,"DA30L=-3.403,NA31V=-0.897,RA35T=-1.038"
2WPT,AB,"NA31V,RA35T,RA39E",-3.232964499,"NA31V=-0.897,RA35T=-1.038,RA39E=-0.372"
2WPT,AB,"NA31V,RA35T,EA36H,RA39E",-2.998949634,"NA31V=-0.897,RA35T=-1.038,EA36H=0.038,RA39E=-0.372"
2WPT,AB,"FB79A,DA30A",-0.13220184,"FB79A=1.17,DA30A=-0.132"
2WPT,AB,"FB79A,NA31A",1.352201972,"FB79A=1.17,NA31A=-0.38"
2WPT,AB,"FB79A,VA34A",3.112752858,"FB79A=1.17,VA34A=3.809"
1EMV,AB,"FB86A,LA31A",6.679957832,"FB86A=3.881,LA31A=3.419"
1EMV,AB,"FB86A,VA32A",4.665833083,"FB86A=3.881,VA32A=2.579"
1EMV,AB,"FB86A,VA35A",4.068403964,"FB86A=3.881,VA35A=1.665"
1EMV,AB,"FB86A,YA52A",8.723507154,"FB86A=3.881,YA52A=4.837"
1EMV,AB,"FB86A,YA53A",8.263228209,"FB86A=3.881,YA53A=4.637"
2PCC,AB,"KB92A,DA34A",0.203012089,"KB92A=0.902,DA34A=-0.897"
2PCC,AB,"KB92A,VA197A",1.501502432,"KB92A=0.902,VA197A=2.103"
2PCC,AB,"KB77A,VA197A",2.800978201,"KB77A=0.304,VA197A=2.103"
2PCC,AB,"KB77A,EA290A",1.102177404,"KB77A=0.304,EA290A=6.203"
2PCC,AB,"AB86G,DA34A",-0.097801826,"AB86G=1.902,DA34A=-0.897"
2PCC,AB,"AB86G,VA197A",2.10268171,"AB86G=1.902,VA197A=2.103"
2OOB,AB,"AA9E,GA13S",3.103360323,"AA9E=3.103,GA13S=0.235"
2O3B,AB,"QB74A,WB76A",5.755609634,"QB74A=3.233,WB76A=4.074"
2J0T,AD,"TD2L,VD4S",3.470544118,"TD2L=2.682,VD4S=0.982"
2J0T,AD,"TD2L,VD4S,SD68A",5.28624661,"TD2L=2.682,VD4S=0.982,SD68A=2.106"
2J0T,AD,"TD2S,VD4A",1.250199997,"TD2S=1.594,VD4A=-0.0"
2J0T,AD,"TD2S,VD4A,SD68Y",2.147247976,"TD2S=1.594,VD4A=-0.0,SD68Y=2.978"
1MAH,AF,"YA69N,YA121Q",6.132773982,"YA69N=4.816,YA121Q=2.773"
1MAH,AF,"YA121Q,WA276R",8.959454418,"YA121Q=2.773,WA276R=8.131"
1MAH,AF,"YA69N,WA276R",10.73428195,"YA69N=4.816,WA276R=8.131"
1MAH,AF,"YA69N,YA121Q,WA276R",10.92611024,"YA69N=4.816,YA121Q=2.773,WA276R=8.131"
1LFD,AB,"MA17K,DA45K",-0.201821662,"MA17K=-0.401,DA45K=-0.502"
1LFD,AB,"MA17K,DA81K",-0.401455085,"MA17K=-0.401,DA81K=-0.902"
1LFD,AB,"MA17K,DA38K,DA45K",-1.802241229,"MA17K=-0.401,DA38K=-0.902,DA45K=-0.502"
1LFD,AB,"MA17K,DA38K,DA45K,DA81K",-0.901750003,"MA17K=-0.401,DA38K=-0.902,DA45K=-0.502,DA81K=-0.902"
1LFD,AB,"DA45K,DA81K",-0.701395636,"DA45K=-0.502,DA81K=-0.902"
1LFD,AB,"MA17K,DA45K",-1.049440175,"MA17K=-0.401,DA45K=-0.502"
1LFD,AB,"MA17K,DA81K",-0.906563236,"MA17K=-0.401,DA81K=-0.902"
1LFD,AB,"MA17K,DA38K,DA45K",-1.959690973,"MA17K=-0.401,DA38K=-0.902,DA45K=-0.502"
1LFD,AB,"MA17K,DA38K,DA45K,DA81K",-1.75678191,"MA17K=-0.401,DA38K=-0.902,DA45K=-0.502,DA81K=-0.902"
1LFD,AB,"DA45K,DA81K",-0.603923582,"DA45K=-0.502,DA81K=-0.902"
1JTG,AB,"GA212S,DB49A",2.635217301,"GA212S=-0.268,DB49A=2.561"
1JTG,AB,"GA212S,FB142A",3.681856896,"GA212S=-0.268,FB142A=3.379"
1JTG,AB,"EA79K,DB49A",5.640436327,"EA79K=4.235,DB49A=2.561"
1JTG,AB,"EA79K,FB142A",4.554719803,"EA79K=4.235,FB142A=3.379"
1JTG,AB,"SA209A,DB49A",1.641105745,"SA209A=1.239,DB49A=2.561"
1JTG,AB,"SA105A,DB49A",1.384631913,"SA105A=0.792,DB49A=2.561"
1JTG,AB,"SA209A,SA105A,DB49A",1.094156889,"SA209A=1.239,SA105A=0.792,DB49A=2.561"
1JTG,AB,"RA217A,DB49A",1.111682344,"RA217A=1.339,DB49A=2.561"
1JTG,AB,"KA208A,DB49A",1.554021325,"KA208A=1.417,DB49A=2.561"
1JTG,AB,"RA217A,SA209A,DB49A",0.408048412,"RA217A=1.339,SA209A=1.239,DB49A=2.561"
1JTG,AB,"RA217A,SA105A,DB49A",1.254938695,"RA217A=1.339,SA105A=0.792,DB49A=2.561"
1JTG,AB,"SA209A,KA208A,DB49A",1.534825737,"SA209A=1.239,KA208A=1.417,DB49A=2.561"
1JTG,AB,"KA208A,SA105A,DB49A",1.318193594,"KA208A=1.417,SA105A=0.792,DB49A=2.561"
1JTG,AB,"RA217A,SA209A,SA105A,DB49A",0.894265693,"RA217A=1.339,SA209A=1.239,SA105A=0.792,DB49A=2.561"
1JTG,AB,"SA209A,SA105A,KA208A,DB49A",0.609256091,"SA209A=1.239,SA105A=0.792,KA208A=1.417,DB49A=2.561"
1JTG,AB,"RA217A,KA208A,DB49A",1.904421358,"RA217A=1.339,KA208A=1.417,DB49A=2.561"
1JTG,AB,"RA217A,SA209A,KA208A,DB49A",2.032426354,"RA217A=1.339,SA209A=1.239,KA208A=1.417,DB49A=2.561"
1JTG,AB,"KA208A,SA105A,RA217A,DB49A",1.490970346,"KA208A=1.417,SA105A=0.792,RA217A=1.339,DB49A=2.561"
1JTG,AB,"KA208A,SA209A,SA105A,RA217A,DB49A",1.726972195,"KA208A=1.417,SA209A=1.239,SA105A=0.792,RA217A=1.339,DB49A=2.561"
1JTG,AB,"SA209A,SA105A",1.152734397,"SA209A=1.239,SA105A=0.792"
1JTG,AB,"RA217A,SA209A",0.739593896,"RA217A=1.339,SA209A=1.239"
1JTG,AB,"RA217A,SA105A",1.849694601,"RA217A=1.339,SA105A=0.792"
1JTG,AB,"SA209A,KA208A",2.093723202,"SA209A=1.239,KA208A=1.417"
1JTG,AB,"KA208A,SA105A",1.979598628,"KA208A=1.417,SA105A=0.792"
1JTG,AB,"RA217A,SA209A,SA105A",1.688108955,"RA217A=1.339,SA209A=1.239,SA105A=0.792"
1JTG,AB,"SA209A,SA105A,KA208A",1.849694601,"SA209A=1.239,SA105A=0.792,KA208A=1.417"
1JTG,AB,"RA217A,KA208A",2.730074529,"RA217A=1.339,KA208A=1.417"
1JTG,AB,"RA217A,SA209A,KA208A",2.716956975,"RA217A=1.339,SA209A=1.239,KA208A=1.417"
1JTG,AB,"KA208A,SA105A,RA217A",2.5094218,"KA208A=1.417,SA105A=0.792,RA217A=1.339"
1JTG,AB,"KA208A,SA209A,SA105A,RA217A",2.788503647,"KA208A=1.417,SA209A=1.239,SA105A=0.792,RA217A=1.339"
1JTG,AB,"KB74A,FB142A",4.852370359,"KB74A=3.56,FB142A=3.379"
1JTG,AB,"KB74A,YB143A",3.058644354,"KB74A=3.56,YB143A=0.382"
1JTG,AB,"FB142A,YB143A",2.843151104,"FB142A=3.379,YB143A=0.382"
1JTG,AB,"KB74A,FB142A,YB143A",3.895401134,"KB74A=3.56,FB142A=3.379,YB143A=0.382"
1JTG,AB,"KB74A,EA79A",1.576848553,"KB74A=3.56,EA79A=1.553"
1JTG,AB,"FB142A,EA79A",2.747888793,"FB142A=3.379,EA79A=1.553"
1JTG,AB,"YB143A,EA79A",1.864555343,"YB143A=0.382,EA79A=1.553"
1JTG,AB,"KB74A,FB142A,EA79A",3.130239945,"KB74A=3.56,FB142A=3.379,EA79A=1.553"
1JTG,AB,"KB74A,YB143A,EA79A",1.050668135,"KB74A=3.56,YB143A=0.382,EA79A=1.553"
1JTG,AB,"FB142A,YB143A,EA79A",2.891280534,"FB142A=3.379,YB143A=0.382,EA79A=1.553"
1JTG,AB,"KB74A,FB142A,YB143A,EA79A",2.388982688,"KB74A=3.56,FB142A=3.379,YB143A=0.382,EA79A=1.553"
1JTG,AB,"KB74A,YA80A",3.32233638,"KB74A=3.56,YA80A=-0.168"
1JTG,AB,"FB142A,YA80A",0.694366288,"FB142A=3.379,YA80A=-0.168"
1JTG,AB,"YB143A,YA80A",1.075443257,"YB143A=0.382,YA80A=-0.168"
1JTG,AB,"KB74A,FB142A,YA80A",4.779135025,"KB74A=3.56,FB142A=3.379,YA80A=-0.168"
1JTG,AB,"KB74A,YB143A,YA80A",3.395147624,"KB74A=3.56,YB143A=0.382,YA80A=-0.168"
1JTG,AB,"FB142A,YB143A,YA80A",2.986904452,"FB142A=3.379,YB143A=0.382,YA80A=-0.168"
1JTG,AB,"KB74A,FB142A,YB143A,YA80A",4.229416201,"KB74A=3.56,FB142A=3.379,YB143A=0.382,YA80A=-0.168"
1JTG,AB,"EA79A,YA80A",1.027009922,"EA79A=1.553,YA80A=-0.168"
1JTG,AB,"KB74A,EA79A,YA80A",1.386116281,"KB74A=3.56,EA79A=1.553,YA80A=-0.168"
1JTG,AB,"FB142A,EA79A,YA80A",1.505004033,"FB142A=3.379,EA79A=1.553,YA80A=-0.168"
1JTG,AB,"YB143A,EA79A,YA80A",2.054677758,"YB143A=0.382,EA79A=1.553,YA80A=-0.168"
1JTG,AB,"KB74A,FB142A,EA79A,YA80A",3.130239945,"KB74A=3.56,FB142A=3.379,EA79A=1.553,YA80A=-0.168"
1JTG,AB,"KB74A,YB143A,EA79A,YA80A",1.767956632,"KB74A=3.56,YB143A=0.382,EA79A=1.553,YA80A=-0.168"
1JTG,AB,"FB142A,YB143A,EA79A,YA80A",2.843151104,"FB142A=3.379,YB143A=0.382,EA79A=1.553,YA80A=-0.168"
1JTG,AB,"KB74A,FB142A,YB143A,EA79A,YA80A",2.412727111,"KB74A=3.56,FB142A=3.379,YB143A=0.382,EA79A=1.553,YA80A=-0.168"
1JTG,AB,"DB49A,RA217A",1.099223786,"DB49A=2.561,RA217A=1.339"
1JTG,AB,"KB74A,RA217A",6.620268545,"KB74A=3.56,RA217A=1.339"
1JTG,AB,"FB142A,RA217A",3.395147624,"FB142A=3.379,RA217A=1.339"
1JTG,AB,"YB143A,RA217A",2.269850172,"YB143A=0.382,RA217A=1.339"
1JTG,AB,"KB74A,FB142A,RA217A",5.496316046,"KB74A=3.56,FB142A=3.379,RA217A=1.339"
1JTG,AB,"KB74A,YB143A,RA217A",4.373137489,"KB74A=3.56,YB143A=0.382,RA217A=1.339"
1JTG,AB,"FB142A,YB143A,RA217A",4.542801363,"FB142A=3.379,YB143A=0.382,RA217A=1.339"
1JTG,AB,"KB74A,FB142A,YB143A,RA217A",5.257837387,"KB74A=3.56,FB142A=3.379,YB143A=0.382,RA217A=1.339"
1JTG,AB,"DB49A,KA208A",1.600651834,"DB49A=2.561,KA208A=1.417"
1JTG,AB,"KB74A,KA208A",6.548086948,"KB74A=3.56,KA208A=1.417"
1JTG,AB,"FB142A,KA208A",3.395147624,"FB142A=3.379,KA208A=1.417"
1JTG,AB,"YB143A,KA208A",2.556661056,"YB143A=0.382,KA208A=1.417"
1JTG,AB,"KB74A,FB142A,KA208A",5.830841178,"KB74A=3.56,FB142A=3.379,KA208A=1.417"
1JTG,AB,"KB74A,YB143A,KA208A",4.876004056,"KB74A=3.56,YB143A=0.382,KA208A=1.417"
1JTG,AB,"FB142A,YB143A,KA208A",4.681932544,"FB142A=3.379,YB143A=0.382,KA208A=1.417"
1JTG,AB,"KB74A,FB142A,YB143A,KA208A",5.472614807,"KB74A=3.56,FB142A=3.379,YB143A=0.382,KA208A=1.417"
1JTG,AB,"DB49A,SA105A",0.358089274,"DB49A=2.561,SA105A=0.792"
1JTG,AB,"KB74A,SA105A",3.178630256,"KB74A=3.56,SA105A=0.792"
1JTG,AB,"FB142A,SA105A",2.843151104,"FB142A=3.379,SA105A=0.792"
1JTG,AB,"YB143A,SA105A",1.791965764,"YB143A=0.382,SA105A=0.792"
1JTG,AB,"KB74A,FB142A,SA105A",5.161859245,"KB74A=3.56,FB142A=3.379,SA105A=0.792"
1JTG,AB,"KB74A,YB143A,SA105A",3.72841786,"KB74A=3.56,YB143A=0.382,SA105A=0.792"
1JTG,AB,"FB142A,YB143A,SA105A",4.158278411,"FB142A=3.379,YB143A=0.382,SA105A=0.792"
1JTG,AB,"KB74A,FB142A,YB143A,SA105A",5.066775094,"KB74A=3.56,FB142A=3.379,YB143A=0.382,SA105A=0.792"
1JTG,AB,"QA74A,HB148A",3.201419681,"QA74A=0.43,HB148A=2.748"
1JTG,AB,"QA74A,WB150A",3.823668274,"QA74A=0.43,WB150A=4.254"
1JTG,AB,"QA74A,RB160A",3.750947266,"QA74A=0.43,RB160A=2.222"
1JTG,AB,"NA75A,HB148A",2.102992138,"NA75A=-0.456,HB148A=2.748"
1JTG,AB,"NA75A,WB150A",4.349467817,"NA75A=-0.456,WB150A=4.254"
1JTG,AB,"NA75A,RB160A",1.576848553,"NA75A=-0.456,RB160A=2.222"
1JTG,AB,"EA143A,WB162A",2.077467182,"EA143A=-0.073,WB162A=2.341"
1JTG,AB,"VA78A,WB162A",4.229416201,"VA78A=1.911,WB162A=2.341"
1JTG,AB,"MA104A,YB53A",3.609274906,"MA104A=0.739,YB53A=2.077"
1JTG,AB,"MA104A,YB50A",0.358089274,"MA104A=0.739,YB50A=-0.407"
1JTG,AB,"MA104A,FB36A",3.631322175,"MA104A=0.739,FB36A=3.201"
1JTG,AB,"PA82A,HB41A",2.652945718,"PA82A=-0.383,HB41A=3.25"
1JTG,AB,"PA82A,YB50A",-0.647160585,"PA82A=-0.383,YB50A=-0.407"
1JTG,AB,"PA82A,YB53A",2.388982688,"PA82A=-0.383,YB53A=2.077"
1JTG,AB,"VA190A,YB50A",-0.885530667,"VA190A=-0.407,YB50A=-0.407"
1JTG,AB,"EA85A,SB113A,SB71A",5.042290122,"EA85A=4.062,SB113A=-0.168,SB71A=0.358"
1JTG,AB,"EA85A,SB113A",4.565590787,"EA85A=4.062,SB113A=-0.168"
1JTG,AB,"EA85A,SB71A",5.019353633,"EA85A=4.062,SB71A=0.358"
1JTG,AB,"SB71A,SB113A",0.456068109,"SB71A=0.358,SB113A=-0.168"
1JTG,AB,"EA79A,SB113A",1.864555343,"EA79A=1.553,SB113A=-0.168"
1JTG,AB,"QA74A,WB112A",3.537736616,"QA74A=0.43,WB112A=3.011"
1JTG,AB,"QA74A,WB162A",2.891280534,"QA74A=0.43,WB162A=2.341"
1JTG,AB,"QA74A,KB74A",4.109651554,"QA74A=0.43,KB74A=3.56"
1JTG,AB,"QA74A,FB142A",2.819136547,"QA74A=0.43,FB142A=3.379"
1JTG,AB,"QA74A,DB49A",2.198383881,"QA74A=0.43,DB49A=2.561"
1JTG,AB,"NA75A,WB112A",2.795217806,"NA75A=-0.456,WB112A=3.011"
1JTG,AB,"NA75A,WB162A",2.102992138,"NA75A=-0.456,WB162A=2.341"
1JTG,AB,"NA75A,RB160A",1.576848553,"NA75A=-0.456,RB160A=2.222"
1JTG,AB,"NA75A,KB74A",3.51183295,"NA75A=-0.456,KB74A=3.56"
1JTG,AB,"NA75A,FB142A",2.293604212,"NA75A=-0.456,FB142A=3.379"
1JTG,AB,"NA75A,DB49A",1.576848553,"NA75A=-0.456,DB49A=2.561"
1JTG,AB,"VA78A,RB160A",4.349467817,"VA78A=1.911,RB160A=2.222"
1JTG,AB,"VA78A,FB142A",4.516677003,"VA78A=1.911,FB142A=3.379"
1JTG,AB,"EA143A,WB112A",2.795217806,"EA143A=-0.073,WB112A=3.011"
1JTG,AB,"EA143A,WB150A",4.109651554,"EA143A=-0.073,WB150A=4.254"
1JTG,AB,"EA143A,RB160A",2.318926528,"EA143A=-0.073,RB160A=2.222"
1JTG,AB,"EA143A,KB74A",4.061928361,"EA143A=-0.073,KB74A=3.56"
1JTG,AB,"EA143A,FB142A",2.581045238,"EA143A=-0.073,FB142A=3.379"
1JTG,AB,"EA143A,DB49A",1.505004033,"EA143A=-0.073,DB49A=2.561"
1JTG,AB,"EA85A,YB50A",3.967103603,"EA85A=4.062,YB50A=-0.407"
1JTG,AB,"MA104A,SB113A,SB71A",1.672742745,"MA104A=0.739,SB113A=-0.168,SB71A=0.358"
1JTG,AB,"VA190A,FB142A",2.198383881,"VA190A=-0.407,FB142A=3.379"
1JTG,AB,"EA79A,SB113A,SB71A",2.581045238,"EA79A=1.553,SB113A=-0.168,SB71A=0.358"
1JTG,AB,"EA85G,EA143G",-0.610000066,"EA85G=-0.913,EA143G=-0.17"
1JTG,AB,"EA85V,EA143G",-0.742201906,"EA85V=-0.672,EA143G=-0.17"
1DQJ,ABC,"NA32A,KC96A",5.804446028,"NA32A=4.093,KC96A=6.159"
1DQJ,ABC,"SA91A,RC21A",3.17215145,"SA91A=1.433,RC21A=1.169"
1DQJ,ABC,"SA91A,YC20A",3.574691964,"SA91A=1.433,YC20A=3.287"
1DQJ,ABC,"YA96A,RC21A",3.486760238,"YA96A=1.136,RC21A=1.169"
1DQJ,ABC,"YA96A,SC100A",0.913856255,"YA96A=1.136,SC100A=0.776"
1DQJ,ABC,"DB32A,KC97A",1.122885978,"DB32A=2.014,KC97A=3.521"
1DQJ,ABC,"YB53A,WC62A",1.286884034,"YB53A=1.181,WC62A=0.758"
1DQJ,ABC,"YB53A,WC63A",2.200217086,"YB53A=1.181,WC63A=1.347"
1DQJ,ABC,"YB53A,LC75A",1.217406673,"YB53A=1.181,LC75A=1.453"
1DQJ,ABC,"YB53A,DC101A",2.728342212,"YB53A=1.181,DC101A=1.453"
1DQJ,ABC,"WB98A,SC100A",5.364646748,"WB98A=4.934,SC100A=0.776"
1DQJ,ABC,"WB98A,KC97A",6.663068417,"WB98A=4.934,KC97A=3.521"
1DQJ,ABC,"WB98A,YC20A",5.114386341,"WB98A=4.934,YC20A=3.287"
2G2U,AB,"EB73A,YB50A",-2.452514915,"EB73A=-1.979,YB50A=-2.076"
2G2U,AB,"YB50A,YB143A",-2.075722109,"YB50A=-2.076,YB143A=-1.847"
2G2U,AB,"EB73A,YB143A",-1.835503501,"EB73A=-1.979,YB143A=-1.847"
2G2U,AB,"WB112A,YB143A",-0.409608761,"WB112A=0.959,YB143A=-1.847"
2G2U,AB,"WB150A,YB143A",0.989123373,"WB150A=1.785,YB143A=-1.847"
2G2U,AB,"EB73M,SB130K",-2.809424706,"EB73M=-3.536,SB130K=-1.469"
1JTG,AB,"EB73M,KB74A",4.294495951,"EB73M=0.505,KB74A=3.56"
1JTG,AB,"EB73M,FB142A",2.53268987,"EB73M=0.505,FB142A=3.379"
1JTG,AB,"EB73M,KB74A,FB142A",4.556260642,"EB73M=0.505,KB74A=3.56,FB142A=3.379"
1JTG,AB,"EA79A,EB73M",1.836322145,"EA79A=1.553,EB73M=0.505"
1JTG,AB,"EA79A,EB73M,KB74A",2.095697913,"EA79A=1.553,EB73M=0.505,KB74A=3.56"
1JTG,AB,"EA79A,EB73M,FB142A",2.845544466,"EA79A=1.553,EB73M=0.505,FB142A=3.379"
1JTG,AB,"EA79A,EB73M,KB74A,FB142A",2.582089469,"EA79A=1.553,EB73M=0.505,KB74A=3.56,FB142A=3.379"
2G2U,AB,"EB73M,KB74A",0.473077469,"EB73M=-3.536,KB74A=-0.217"
2G2U,AB,"EB73M,FB142A",0.32206605,"EB73M=-3.536,FB142A=0.276"
2G2U,AB,"EB73M,KB74A,FB142A",1.483058858,"EB73M=-3.536,KB74A=-0.217,FB142A=0.276"
2G2U,AB,"DA79A,EB73M",-2.147247976,"DA79A=-1.543,EB73M=-3.536"
2G2U,AB,"DA79A,EB73M,KB74A",-1.556968253,"DA79A=-1.543,EB73M=-3.536,KB74A=-0.217"
2G2U,AB,"DA79A,EB73M,FB142A",-0.691749993,"DA79A=-1.543,EB73M=-3.536,FB142A=0.276"
2G2U,AB,"DA79A,EB73M,KB74A,FB142A",-0.9873783,"DA79A=-1.543,EB73M=-3.536,KB74A=-0.217,FB142A=0.276"
1A4Y,AB,"YA434A,DA435A",6.82085553,"YA434A=3.262,DA435A=3.486"
1A4Y,AB,"YA434A,YA437A",6.64533226,"YA434A=3.262,YA437A=0.836"
1A4Y,AB,"RB5A,YA434A",6.979789061,"RB5A=2.309,YA434A=3.262"
1A4Y,AB,"RB5A,DA435A",6.77343407,"RB5A=2.309,DA435A=3.486"
1A4Y,AB,"RB5A,YA434A,DA435A",10.10705559,"RB5A=2.309,YA434A=3.262,DA435A=3.486"
1A4Y,AB,"RB5A,YA434A,YA437A",8.531571706,"RB5A=2.309,YA434A=3.262,YA437A=0.836"
1A4Y,AB,"KB40G,YA434F",6.665417302,"KB40G=3.237,YA434F=0.558"
1A4Y,AB,"KB40G,DA435A",4.107512904,"KB40G=3.237,DA435A=3.486"
1A4Y,AB,"KB40G,YA437A",6.454104523,"KB40G=3.237,YA437A=0.836"
1A4Y,AB,"KB40G,YA434A,DA435A",6.213885916,"KB40G=3.237,YA434A=3.262,DA435A=3.486"
1A4Y,AB,"KB40G,YA434A,YA437A",9.123152092,"KB40G=3.237,YA434A=3.262,YA437A=0.836"
1Z7X,WX,"YW434A,DW435A",7.171210593,"YW434A=5.956,DW435A=3.662"
1Z7X,WX,"YW434A,YW437A",7.240991387,"YW434A=5.956,YW437A=2.624"
1A22,AB,"NB31A,TB32A,QB33A,EB34A",-0.136574199,"NB31A=0.274,TB32A=0.111,QB33A=-0.0,EB34A=-0.094"
1A22,AB,"NB31A,TB32A,QB33A,EB34A,WB35A,WB39A",0.166065455,"NB31A=0.274,TB32A=0.111,QB33A=-0.0,EB34A=-0.094,WB35A=0.514,WB39A=-0.018"
1A22,AB,"SB57A,SB61A",-0.569589953,"SB57A=-0.055,SB61A=-0.182"
1A22,AB,"EB79A,KB80A",-0.344760574,"EB79A=-0.182,KB80A=0.081"
1A22,AB,"QB121A,KB122A,VB126A",-0.872229607,"QB121A=0.017,KB122A=-0.018,VB126A=-0.617"
1A22,AB,"RB172A,NB173A",0.902597921,"RB172A=0.274,NB173A=0.296"
1A22,AB,"QB171A,RB172A,NB173A",1.103566949,"QB171A=0.891,RB172A=0.274,NB173A=0.296"
1A22,AB,"SB57A,SB61A,EB79A,KB80A",-0.895465997,"SB57A=-0.055,SB61A=-0.182,EB79A=-0.182,KB80A=0.081"
1A22,AB,"SB57A,SB61A,EB79A,KB80A,QB121A,KB122A,VB126A",-1.400088284,"SB57A=-0.055,SB61A=-0.182,EB79A=-0.182,KB80A=0.081,QB121A=0.017,KB122A=-0.018,VB126A=-0.617"
1A22,AB,"RB29A,RB30A,EB34A",0.953514684,"RB29A=0.69,RB30A=0.536,EB34A=-0.094"
1A22,AB,"KB158A,DB160A,KB161A,EB162A,EB164A",1.120238054,"KB158A=0.24,DB160A=-0.046,KB161A=0.199,EB162A=-0.079,EB164A=-0.062"
1A22,AB,"FA25A,YA42A,QA46A",0.190522856,"FA25A=-0.447,YA42A=0.199,QA46A=0.108"
1A22,AB,"YA42A,QA46A",0.273325096,"YA42A=0.199,QA46A=0.108"
1A22,AB,"FA25A,YA42A,QA46A",0.205818594,"FA25A=-0.447,YA42A=0.199,QA46A=0.108"
1A22,AB,"YA42A,QA46A",0.30627434,"YA42A=0.199,QA46A=0.108"
1BP3,AB,"KA164A,EA170A",5.4079623,"KA164A=1.728,EA170A=3.493"
1BP3,AB,"RA64A,DA167A",0.37862419,"RA64A=0.354,DA167A=0.068"
1BP3,AB,"KA168A,FA172A",5.354871399,"KA168A=3.191,FA172A=1.911"
1A22,AB,"KA157A,EA163A",-0.769762781,"KA157A=-0.155,EA163A=-0.925"
1A22,AB,"RA64A,DA160A",3.322750537,"RA64A=1.643,DA160A=0.791"
1A22,AB,"KA161A,FA165A",3.78082842,"KA161A=2.015,FA165A=0.411"
3MZG,AB,"HA167A,HB188A",-0.237263729,"HA167A=-0.686,HB188A=-0.447"
3MZG,AB,"HA167A,HB188A",1.335265277,"HA167A=-0.686,HB188A=-0.447"
3MZG,AB,"HA167A,HB188A",2.802323664,"HA167A=-0.686,HB188A=-0.447"
3MZG,AB,"HA167A,HB188A",2.929168841,"HA167A=-0.686,HB188A=-0.447"
3MZG,AB,"HA167A,HB188A",3.330226371,"HA167A=-0.686,HB188A=-0.447"
3MZG,AB,"HA167A,HB188A",3.494536366,"HA167A=-0.686,HB188A=-0.447"
3MZG,AB,"HA167A,HB188A",3.468142158,"HA167A=-0.686,HB188A=-0.447"
3MZG,AB,"HA167A,HB188A",3.392699664,"HA167A=-0.686,HB188A=-0.447"
3MZG,AB,"HA167A,HB188A",3.373855649,"HA167A=-0.686,HB188A=-0.447"
1GC1,GC,"QC40A,DC63A",-0.499246795,"QC40A=-0.411,DC63A=-0.319"
1GC1,GC,"QC40A,DC63A,QC89L",-0.848247118,"QC40A=-0.411,DC63A=-0.319,QC89L=-0.311"
1DAN,HLUT,"TT55A,FU50A",4.325087278,"TT55A=2.224,FU50A=2.215"
1DAN,HLUT,"TT55A,KT15A",3.054656298,"TT55A=2.224,KT15A=2.439"
1DAN,HLUT,"DT39A,WT40A",1.507210784,"DT39A=1.38,WT40A=1.5"
1DAN,HLUT,"DT39A,FU50A",3.173305157,"DT39A=1.38,FU50A=2.215"
1DAN,HLUT,"DT39A,KT15A",3.996228656,"DT39A=1.38,KT15A=2.439"
1DAN,HLUT,"DT39A,DT53A",3.857964151,"DT39A=1.38,DT53A=1.99"
1DAN,HLUT,"DT39A,TT55A",4.159248079,"DT39A=1.38,TT55A=2.224"
1DAN,HLUT,"DT39A,KT15A,FU50A",5.735139007,"DT39A=1.38,KT15A=2.439,FU50A=2.215"
1VFB,ABC,"YA32A,QC121A",1.586751139,"YA32A=1.34,QC121A=2.878"
1VFB,ABC,"YA32A,IC124A",2.90701683,"YA32A=1.34,IC124A=1.232"
1VFB,ABC,"YA50A,DC18A",1.266490797,"YA50A=0.388,DC18A=0.34"
1VFB,ABC,"YA50A,DC119A",1.231969266,"YA50A=0.388,DC119A=0.954"
1VFB,ABC,"WA92A,QC121A",3.520512199,"WA92A=2.728,QC121A=2.878"
1VFB,ABC,"WA92A,IC124A",3.852057682,"WA92A=2.728,IC124A=1.232"
1VFB,ABC,"WA92A,RC125A",3.394808983,"WA92A=2.728,RC125A=1.838"
1VFB,ABC,"WA92A,LC129A",3.3088437,"WA92A=2.728,LC129A=0.172"
1VFB,ABC,"YB32A,KC116A",1.586751139,"YB32A=0.46,KC116A=0.714"
1VFB,ABC,"WB52A,DC119A",2.248378769,"WB52A=0.364,DC119A=0.954"
1VFB,ABC,"DB54A,TC118A",1.255205656,"DB54A=0.639,TC118A=0.765"
1VFB,ABC,"DB100A,SC24A",3.371264747,"DB100A=3.072,SC24A=0.851"
1VFB,ABC,"YB101F,DC119A",2.737746409,"YB101F=0.954,DC119A=0.954"
1VFB,ABC,"YB101F,VC120A",2.539614419,"YB101F=0.954,VC120A=0.917"
3HFM,HLY,"NL31A,KY96A",7.47173056,"NL31A=5.216,KY96A=6.991"
3HFM,HLY,"YL50A,RY21A",6.369324145,"YL50A=4.56,RY21A=1.028"
3HFM,HLY,"YL50F,RY21A",4.332731926,"YL50F=2.356,RY21A=1.028"
3HFM,HLY,"YL50F,YY20A",6.226447206,"YL50F=2.356,YY20A=4.878"
3HFM,HLY,"YL50A,KY96A",7.733495251,"YL50A=4.56,KY96A=6.991"
3HFM,HLY,"YL50A,KY97A",7.322838829,"YL50A=4.56,KY97A=6.17"
3HFM,HLY,"YH33A,KY97A",7.231511953,"YH33A=6.038,KY97A=6.17"
3HFM,HLY,"WH98F,YY20A",6.231808799,"WH98F=3.247,YY20A=4.878"
3HFM,HLY,"WH98A,KY96A",7.733495251,"WH98A=5.513,KY96A=6.991"
3HFM,HLY,"DH32A,KY97A",4.594496616,"DH32A=1.899,KY97A=6.17"
3HFM,HLY,"DH32N,KY97A",4.893741121,"DH32N=0.17,KY97A=6.17"
3HFM,HLY,"DH32A,KY97M",1.123952498,"DH32A=1.899,KY97M=1.094"
3HFM,HLY,"DH32N,KY97M",0.302639654,"DH32N=0.17,KY97M=1.094"
3HFM,HLY,"YH50A,RY21A",7.944808029,"YH50A=7.323,RY21A=1.028"
3HFM,HLY,"YL96A,RY21A",5.759324079,"YL96A=2.708,RY21A=1.028"
3HFM,HLY,"YL96F,RY21A",4.183840194,"YL96F=1.402,RY21A=1.028"
1CHO,EFGI,"TI14K,LI15R",7.472139289,"TI14K=4.093,LI15R=4.007"
1CHO,EFGI,"TI14R,LI15R",7.226585089,"TI14R=3.884,LI15R=4.007"
1CHO,EFGI,"AI12R,LI15R",4.977166452,"AI12R=0.469,LI15R=4.007"
1CHO,EFGI,"AI12R,TI14K,LI15R",7.987397761,"AI12R=0.469,TI14K=4.093,LI15R=4.007"
1CHO,EFGI,"AI12R,TI14P,LI15R",8.920000204,"AI12R=0.469,TI14P=4.233,LI15R=4.007"
1CHO,EFGI,"PI11S,AI12R,TI14P,LI15R",8.483974989,"PI11S=-0.441,AI12R=0.469,TI14P=4.233,LI15R=4.007"
1CHO,EFGI,"KI10R,AI12R,TI14K,LI15R",8.027130097,"KI10R=-0.378,AI12R=0.469,TI14K=4.093,LI15R=4.007"
1CHO,EFGI,"KI10R,PI11F,AI12R,TI14K,LI15R",8.097977411,"KI10R=-0.378,PI11F=-0.308,AI12R=0.469,TI14K=4.093,LI15R=4.007"
1CHO,EFGI,"PI11S,AI12L,TI14K,LI15R",7.297601444,"PI11S=-0.441,AI12L=0.141,TI14K=4.093,LI15R=4.007"
1CHO,EFGI,"AI12R,TI14K,LI15R,EI16S",8.392894917,"AI12R=0.469,TI14K=4.093,LI15R=4.007,EI16S=2.794"
1PPF,EI,"AI15R,LI18R",7.327796615,"AI15R=-0.264,LI18R=7.185"
1R0R,EI,"TI12K,LI13R",5.259514918,"TI12K=1.934,LI13R=2.935"
1R0R,EI,"TI12R,LI13R",6.50648377,"TI12R=3.345,LI13R=2.935"
1R0R,EI,"AI10R,LI13R",7.752178407,"AI10R=5.53,LI13R=2.935"
1R0R,EI,"AI10R,TI12K,LI13R",9.314399594,"AI10R=5.53,TI12K=1.934,LI13R=2.935"
1R0R,EI,"PI9S,AI10L,TI12K,LI13R",4.892763911,"PI9S=0.136,AI10L=-1.755,TI12K=1.934,LI13R=2.935"
3SGB,EI,"TI11K,LI12R",5.307282618,"TI11K=2.036,LI12R=3.367"
3SGB,EI,"TI11R,LI12R",5.552076167,"TI11R=1.973,LI12R=3.367"
3SGB,EI,"AI9R,LI12R",5.15641933,"AI9R=2.036,LI12R=3.367"
3SGB,EI,"AI9R,TI11K,LI12R",6.78023544,"AI9R=2.036,TI11K=2.036,LI12R=3.367"
3SGB,EI,"AI9R,TI11P,LI12R",8.583058033,"AI9R=2.036,TI11P=3.182,LI12R=3.367"
3SGB,EI,"PI8S,AI9R,TI11P,LI12R",8.229696342,"PI8S=0.066,AI9R=2.036,TI11P=3.182,LI12R=3.367"
3SGB,EI,"KI7R,AI9R,TI11K,LI12R",5.593153644,"KI7R=-0.693,AI9R=2.036,TI11K=2.036,LI12R=3.367"
3SGB,EI,"KI7R,PI8F,AI9R,TI11K,LI12R",5.736030583,"KI7R=-0.693,PI8F=-0.345,AI9R=2.036,TI11K=2.036,LI12R=3.367"
3SGB,EI,"AI9R,TI11K,LI12R,RI15L",6.982303006,"AI9R=2.036,TI11K=2.036,LI12R=3.367,RI15L=0.228"
3SGB,EI,"PI8S,AI9L,TI11K,LI12R",4.974817891,"PI8S=0.066,AI9L=0.169,TI11K=2.036,LI12R=3.367"
3SGB,EI,"AI9R,TI11K,LI12R,EI13S",7.194701856,"AI9R=2.036,TI11K=2.036,LI12R=3.367,EI13S=1.944"
1DAN,HLUT,"TU103A,VU104A",-0.149029144,"TU103A=0.11,VU104A=0.11"
1DAN,HLUT,"SU101A,RU102A",0.638565579,"SU101A=-0.003,RU102A=0.461"
1DAN,HLUT,"NU17A,QU20A",0.414491076,"NU17A=-0.0,QU20A=1.305"
1DAN,HLUT,"KT63A,QT64A",-0.206114598,"KT63A=-0.07,QT64A=-0.0"
1DAN,HLUT,"DT56A,ET57A",0.304560084,"DT56A=0.242,ET57A=-0.0"
1DAN,HLUT,"KT41A,KT43A",1.135854305,"KT41A=0.895,KT43A=0.921"
1DAN,HLUT,"KT36A,DT39A",1.571430605,"KT36A=0.322,DT39A=1.38"
1CHO,EFGI,"NI25S,GI29A",-0.860901965,"NI25S=-0.0,GI29A=-1.092"
1CHO,EFGI,"AI12D,GI29A",-0.865738334,"AI12D=-0.0,GI29A=-1.092"
1CHO,EFGI,"TI14M,LI15S,GI29V",8.988038351,"TI14M=3.955,LI15S=4.987,GI29V=0.702"
1CHO,EFGI,"AI12T,LI15M",0.923481448,"AI12T=0.969,LI15M=0.381"
1CHO,EFGI,"AI12D,LI15A,YI17D",10.91336885,"AI12D=-0.0,LI15A=4.766,YI17D=6.296"
1CHO,EFGI,"LI15M,YI17Q",3.51962182,"LI15M=0.381,YI17Q=3.155"
1CHO,EFGI,"LI15M,GI29D",3.419841856,"LI15M=0.381,GI29D=3.109"
1CHO,EFGI,"AI12D,LI15A",4.827918377,"AI12D=-0.0,LI15A=4.766"
1CHO,EFGI,"TI14P,LI15K,GI29D",9.929820929,"TI14P=4.233,LI15K=4.473,GI29D=3.109"
1CHO,EFGI,"TI14P,LI15K",8.36606915,"TI14P=4.233,LI15K=4.473"
1CHO,EFGI,"AI12V,TI14S",3.610101731,"AI12V=0.954,TI14S=2.351"
1CHO,EFGI,"TI14K,LI15R",7.333680556,"TI14K=4.093,LI15R=4.007"
1CHO,EFGI,"TI14R,LI15R",7.201478716,"TI14R=3.884,LI15R=4.007"
1CHO,EFGI,"AI12R,LI15R",4.907029316,"AI12R=0.469,LI15R=4.007"
1CHO,EFGI,"AI12R,TI14K,LI15R",7.955412728,"AI12R=0.469,TI14K=4.093,LI15R=4.007"
1CHO,EFGI,"AI12R,TI14P,LI15R",8.886950924,"AI12R=0.469,TI14P=4.233,LI15R=4.007"
1CHO,EFGI,"PI11S,AI12R,TI14P,LI15R",8.457396026,"PI11S=-0.441,AI12R=0.469,TI14P=4.233,LI15R=4.007"
1R0R,EI,"NI23S,GI27A",1.253731218,"NI23S=-0.066,GI27A=1.298"
1R0R,EI,"AI10D,GI27A",5.903495052,"AI10D=5.228,GI27A=1.298"
1R0R,EI,"TI12M,LI13S,GI27V",3.013808143,"TI12M=1.331,LI13S=1.571,GI27V=1.934"
1R0R,EI,"AI10T,LI13M",0.258734239,"AI10T=1.268,LI13M=-0.516"
1R0R,EI,"LI13I,GI27D",5.303458716,"LI13I=3.254,GI27D=2.888"
1R0R,EI,"AI10D,LI13A,YI15D",8.944813377,"AI10D=5.228,LI13A=0.315,YI15D=5.771"
1R0R,EI,"LI13M,YI15Q",3.64011767,"LI13M=-0.516,YI15Q=4.503"
1R0R,EI,"LI13M,GI27D",2.393259691,"LI13M=-0.516,GI27D=2.888"
1R0R,EI,"AI10D,LI13A",5.530481856,"AI10D=5.228,LI13A=0.315"
1R0R,EI,"AI10V,TI12S",0.094771374,"AI10V=-0.954,TI12S=0.89"
1R0R,EI,"TI12R,LI13R",6.485773009,"TI12R=3.345,LI13R=2.935"
1R0R,EI,"AI10R,LI13R",7.723918302,"AI10R=5.53,LI13R=2.935"
1R0R,EI,"AI10R,TI12K,LI13R",9.287433052,"AI10R=5.53,TI12K=1.934,LI13R=2.935"
3SGB,EI,"NI22S,GI26A",1.330112765,"NI22S=0.01,GI26A=1.223"
3SGB,EI,"AI9D,GI26A",1.081064605,"AI9D=0.476,GI26A=1.223"
3SGB,EI,"TI11M,LI12S,GI26V",6.909813543,"TI11M=2.036,LI12S=4.158,GI26V=2.728"
3SGB,EI,"AI9T,LI12M",0.476378045,"AI9T=0.331,LI12M=0.43"
3SGB,EI,"LI12I,GI26D",5.845426895,"LI12I=4.481,GI26D=1.625"
3SGB,EI,"AI9D,LI12A,YI14D",5.768519748,"AI9D=0.476,LI12A=2.989,YI14D=2.912"
3SGB,EI,"LI12M,YI14Q",3.776484349,"LI12M=0.43,YI14Q=3.281"
3SGB,EI,"LI12M,GI26D",2.275153617,"LI12M=0.43,GI26D=1.625"
3SGB,EI,"AI9D,LI12A",2.619663117,"AI9D=0.476,LI12A=2.989"
3SGB,EI,"TI11P,LI12K,GI26D",6.543062536,"TI11P=3.182,LI12K=3.182,GI26D=1.625"
3SGB,EI,"TI11P,LI12K",6.32030474,"TI11P=3.182,LI12K=3.182"
3SGB,EI,"AI9V,TI11S",1.60769029,"AI9V=-0.785,TI11S=2.466"
3SGB,EI,"AI9R,LI12R",5.140655455,"AI9R=2.036,LI12R=3.367"
3SGB,EI,"AI9R,TI11P,LI12R",8.552795165,"AI9R=2.036,TI11P=3.182,LI12R=3.367"
3SGB,EI,"PI8S,AI9R,TI11P,LI12R",8.20455979,"PI8S=0.066,AI9R=2.036,TI11P=3.182,LI12R=3.367"
1PPF,EI,"AI15D,GI32A",1.159019063,"AI15D=1.138,GI32A=0.235"
1PPF,EI,"AI15T,LI18M",-1.492771403,"AI15T=0.963,LI18M=1.258"
1PPF,EI,"LI18I,GI32D",2.523190169,"LI18I=-0.733,GI32D=2.497"
1PPF,EI,"AI15D,LI18A,YI20D",8.737914555,"AI15D=1.138,LI18A=1.071,YI20D=6.42"
1PPF,EI,"LI18M,YI20Q",5.839607922,"LI18M=1.258,YI20Q=4.697"
1PPF,EI,"LI18M,GI32D",3.985939796,"LI18M=1.258,GI32D=2.497"
1PPF,EI,"AI15V,TI17S",1.765726704,"AI15V=0.208,TI17S=1.505"
4G2V,AB,"RA198E,NA260R",2.284455474,"RA198E=2.237,NA260R=0.222"
4WND,AB,"RA201E,NA263R",3.857380167,"RA201E=2.796,NA263R=-0.021"
3QDG,ABCDE,"DD26W,LE95W",-3.354782769,"DD26W=-1.562,LE95W=-0.703"
3QDG,ABCDE,"DD26Y,LE95W",-3.543451314,"DD26Y=-1.794,LE95W=-0.703"
3QDJ,ABCDE,"DD26W,LE95W",-2.530970124,"DD26W=-2.172,LE95W=-0.808"
3QDJ,ABCDE,"DD26Y,LE95W",-1.91395871,"DD26Y=-1.337,LE95W=-0.808"
4L3E,ABCDE,"RA65A,YE48A",3.80930006,"RA65A=1.302,YE48A=2.228"
4L3E,ABCDE,"RA65A,YD26A",4.440748694,"RA65A=1.302,YD26A=2.785"
4L3E,ABCDE,"YD26A,RA65A",4.370967901,"YD26A=2.785,RA65A=1.302"
4L3E,ABCDE,"YD50A,QA155A",1.090513732,"YD50A=0.468,QA155A=1.259"
4L3E,ABCDE,"ND52A,EA166A",1.091682286,"ND52A=-0.46,EA166A=1.218"
1BD2,ABCDE,"EE28A,YC8A",3.966677102,"EE28A=2.835,YC8A=2.76"
1BD2,ABCDE,"ED93A,RA65A",3.115254211,"ED93A=1.316,RA65A=2.499"
1BD2,ABCDE,"DD30N,YC5A",1.477001788,"DD30N=1.919,YC5A=3.408"
1BD2,ABCDE,"DD30N,YC5F",2.499720617,"DD30N=1.919,YC5F=0.734"
1BD2,ABCDE,"YE99A,YC5F",0.894864828,"YE99A=0.217,YC5F=0.734"
1BD2,ABCDE,"YE99A,YC5A",2.686991575,"YE99A=0.217,YC5A=3.408"
1AO7,ABCDE,"DD26A,EA58A",0.749596098,"DD26A=0.979,EA58A=-0.72"
1AO7,ABCDE,"RD27A,RA170A",1.186508178,"RD27A=0.547,RA170A=-0.264"
1AO7,ABCDE,"QD30L,LC1A",2.762696878,"QD30L=1.834,LC1A=0.701"
1AO7,ABCDE,"QD30L,LC1A",3.024156912,"QD30L=1.834,LC1A=0.701"
1AO7,ABCDE,"QD30V,LC1A",0.723711622,"QD30V=-0.167,LC1A=0.701"
1AO7,ABCDE,"QD30V,YA159A",3.330275955,"QD30V=-0.167,YA159A=3.245"
1AO7,ABCDE,"SD31A,YC5A",1.709491257,"SD31A=1.023,YC5A=1.533"
1AO7,ABCDE,"SD31A,YC5F",-0.040545732,"SD31A=1.023,YC5F=-0.125"
1AO7,ABCDE,"YD50A,QA155A",0.276135785,"YD50A=0.498,QA155A=0.412"
1AO7,ABCDE,"YD50A,QA155A",-0.112116798,"YD50A=0.498,QA155A=0.412"
1AO7,ABCDE,"ND52A,EA166A",3.143156209,"ND52A=0.355,EA166A=3.867"
1AO7,ABCDE,"KD66A,TA163A",0.978101282,"KD66A=1.292,TA163A=0.489"
4FTV,ABCDE,"KD66A,TA163A",-2.130459086,"KD66A=-1.58,TA163A=0.361"
1AO7,ABCDE,"KD66A,EA166A",3.033763336,"KD66A=1.292,EA166A=3.867"
1AO7,ABCDE,"TD91A,YC5A",3.030981866,"TD91A=0.958,YC5A=1.533"
1AO7,ABCDE,"TD92A,RA65A",2.423471098,"TD92A=1.947,RA65A=3.23"
4FTV,ABCDE,"DD93A,RA65A",1.401885327,"DD93A=1.014,RA65A=3.827"
4FTV,ABCDE,"DD93A,RA65A",0.9260521,"DD93A=1.014,RA65A=3.827"
1AO7,ABCDE,"DD93N,RA65A",3.084350198,"DD93N=2.46,RA65A=3.23"
1AO7,ABCDE,"SD94A,YC5A",1.861011822,"SD94A=-0.475,YC5A=1.533"
1AO7,ABCDE,"WD95A,AA69G",2.905458583,"WD95A=2.224,AA69G=1.182"
1AO7,ABCDE,"EE28A,YC8A",3.425438192,"EE28A=2.022,YC8A=3.168"
3D3V,ABCDE,"EE30A,YC8A",3.900926708,"EE30A=2.115,YC8A=3.414"
3D3V,ABCDE,"EE30A,YC8F",2.573496139,"EE30A=2.115,YC8F=0.927"
1AO7,ABCDE,"RE92A,YC5A",2.019083303,"RE92A=0.453,YC5A=1.533"
1AO7,ABCDE,"RE92A,YC5A",1.046304044,"RE92A=0.453,YC5A=1.533"
1AO7,ABCDE,"RE92A,YC5A",1.71976142,"RE92A=0.453,YC5A=1.533"
1AO7,ABCDE,"RE92A,YC5F",0.60598002,"RE92A=0.453,YC5F=-0.125"
3D3V,ABCDE,"LE97A,YC8A",4.390339059,"LE97A=2.617,YC8A=3.414"
1AO7,ABCDE,"PE100A,YC5A",2.40604595,"PE100A=1.149,YC5A=1.533"
1AO7,ABCDE,"PE100A,YC5A",1.924897417,"PE100A=1.149,YC5A=1.533"
1AO7,ABCDE,"PE100A,YC5A",2.44746451,"PE100A=1.149,YC5A=1.533"
1AO7,ABCDE,"PE100A,QA155A",0.930360861,"PE100A=1.149,QA155A=0.412"
1AO7,ABCDE,"DD93A,QA72A",1.060842954,"DD93A=0.78,QA72A=0.357"
1AO7,ABCDE,"RE99A,YC5A",1.885943442,"RE99A=0.065,YC5A=1.533"
5E9D,ABCDE,"GD27E,TD90Q",-1.550681353,"GD27E=-0.479,TD90Q=-0.574"
5E9D,ABCDE,"GD27E,VE49D",-1.202445978,"GD27E=-0.479,VE49D=-0.433"
5E9D,ABCDE,"GD27E,AE98Y",-1.310462746,"GD27E=-0.479,AE98Y=-0.9"
5E9D,ABCDE,"TD90Q,AE98Y",-1.272226771,"TD90Q=-0.574,AE98Y=-0.9"
5E9D,ABCDE,"GD27E,TD90Q,AE98Y",-2.475290208,"GD27E=-0.479,TD90Q=-0.574,AE98Y=-0.9"
1AO7,ABCDE,"AE96M,GE97S,GE98A",-3.549655056,"AE96M=-0.309,GE97S=-0.341,GE98A=-1.091"
1AO7,ABCDE,"AE96M,GE97S,GE98A,RE99Q",-3.960311479,"AE96M=-0.309,GE97S=-0.341,GE98A=-1.091,RE99Q=0.411"
1AO7,ABCDE,"DD26W,RD27F,SD51M,SD94T",-2.717163541,"DD26W=-1.08,RD27F=-0.199,SD51M=-0.378,SD94T=-0.493"
1AO7,ABCDE,"DD26W,RD27F,GD28T,SD51M,SD94T",-1.285060168,"DD26W=-1.08,RD27F=-0.199,GD28T=-0.759,SD51M=-0.378,SD94T=-0.493"
1AO7,ABCDE,"DD26W,RD27F,SD51M,SD94T,VC7R",-1.393076936,"DD26W=-1.08,RD27F=-0.199,SD51M=-0.378,SD94T=-0.493,VC7R=1.225"
1AO7,ABCDE,"GD28I,SD94A",-0.383095547,"GD28I=-0.28,SD94A=-0.475"
1AO7,ABCDE,"GD28I,SD94T",-0.899618273,"GD28I=-0.28,SD94T=-0.493"
1AO7,ABCDE,"GD28L,SD94A",-0.508602942,"GD28L=-0.467,SD94A=-0.475"
1AO7,ABCDE,"GD28L,SD94T",-1.028608983,"GD28L=-0.467,SD94T=-0.493"
1AO7,ABCDE,"GD28M,SD94A",-0.804622952,"GD28M=-0.519,SD94A=-0.475"
1AO7,ABCDE,"GD28M,SD94T",-1.747266653,"GD28M=-0.519,SD94T=-0.493"
1AO7,ABCDE,"GD28M,SD51M,SD94T",-2.126458053,"GD28M=-0.519,SD51M=-0.378,SD94T=-0.493"
1AO7,ABCDE,"GD28T,SD51M,SD94T",-1.604389714,"GD28T=-0.759,SD51M=-0.378,SD94T=-0.493"
1AO7,ABCDE,"RD27F,GD28M,SD51M,SD94T",-1.803733358,"RD27F=-0.199,GD28M=-0.519,SD51M=-0.378,SD94T=-0.493"
1AO7,ABCDE,"RD27F,GD28T,SD51M,SD94T",-1.604389714,"RD27F=-0.199,GD28T=-0.759,SD51M=-0.378,SD94T=-0.493"
1AO7,ABCDE,"DD26W,GD28M,SD51M,SD94T",-1.078705176,"DD26W=-1.08,GD28M=-0.519,SD51M=-0.378,SD94T=-0.493"
1AO7,ABCDE,"DD26W,GD28T,SD51M,SD94T",-1.237638707,"DD26W=-1.08,GD28T=-0.759,SD51M=-0.378,SD94T=-0.493"
1AO7,ABCDE,"GE98A,RE99Q",-1.56351475,"GE98A=-1.091,RE99Q=0.411"
1AO7,ABCDE,"AE96M,GE97S",-1.04484156,"AE96M=-0.309,GE97S=-0.341"
1AO7,ABCDE,"AE96M,GE97S,GE98A",-3.544039356,"AE96M=-0.309,GE97S=-0.341,GE98A=-1.091"
1AO7,ABCDE,"AE96M,GE97S,GE98A,RE99Q",-3.922075504,"AE96M=-0.309,GE97S=-0.341,GE98A=-1.091,RE99Q=0.411"
1AO7,ABCDE,"GD28T,AE96M,GE97S,GE98A",-3.861774145,"GD28T=-0.759,AE96M=-0.309,GE97S=-0.341,GE98A=-1.091"
1AO7,ABCDE,"GD28T,AE96M,GE97S,GE98A,RE99Q",-3.965980919,"GD28T=-0.759,AE96M=-0.309,GE97S=-0.341,GE98A=-1.091,RE99Q=0.411"
1AO7,ABCDE,"DD26W,AE96M,GE97S,GE98A,RE99Q",-4.038616908,"DD26W=-1.08,AE96M=-0.309,GE97S=-0.341,GE98A=-1.091,RE99Q=0.411"
1AO7,ABCDE,"DD26W,RD27F,SD51M,AE96M,GE97S,GE98A,RE99Q",-3.710762726,"DD26W=-1.08,RD27F=-0.199,SD51M=-0.378,AE96M=-0.309,GE97S=-0.341,GE98A=-1.091,RE99Q=0.411"
1AO7,ABCDE,"DD26W,RD27F,SD51M,SD94T,AE96M,GE97S,GE98A,RE99Q",-3.451117722,"DD26W=-1.08,RD27F=-0.199,SD51M=-0.378,SD94T=-0.493,AE96M=-0.309,GE97S=-0.341,GE98A=-1.091,RE99Q=0.411"
1AO7,ABCDE,"KD97P,AE50P,RE99P",-1.631950589,"KD97P=-0.268,AE50P=-0.326,RE99P=-1.942"
1AO7,ABCDE,"KD97P,RE99P",-1.221294167,"KD97P=-0.268,RE99P=-1.942"
1AO7,ABCDE,"DD26W,RD27F,GD28T,SD51M,SD94T",-2.744724417,"DD26W=-1.08,RD27F=-0.199,GD28T=-0.759,SD51M=-0.378,SD94T=-0.493"
1AO7,ABCDE,"DD26W,RD27F,GD28T,SD51M,SD94T,RE99P",-3.373855649,"DD26W=-1.08,RD27F=-0.199,GD28T=-0.759,SD51M=-0.378,SD94T=-0.493,RE99P=-1.942"
1AO7,ABCDE,"DD26W,RD27F,GD28T,SD51M,SD94T,KD97P,AE50P,RE99P",-4.622057492,"DD26W=-1.08,RD27F=-0.199,GD28T=-0.759,SD51M=-0.378,SD94T=-0.493,KD97P=-0.268,AE50P=-0.326,RE99P=-1.942"
4GXU,ABCDEFMN,"DA189E,DA224G",3.011555471,"DA189E=2.166,DA224G=1.962"
3LZF,ABHL,"DA187E,DA222G",0.127443164,"DA187E=0.499,DA222G=0.538"
1FSS,AB,"TB8V,TB9I",0.441845306,"TB8V=0.369,TB9I=-0.232"
1FSS,AB,"TB8V,TB9N",0.286407078,"TB8V=0.369,TB9N=1.199"
1B41,AB,"TB8V,TB9I",0.394686399,"TB8V=1.136,TB9I=0.025"
1B41,AB,"TB8V,TB9N",2.427799735,"TB8V=1.136,TB9N=3.611"
1FSS,AB,"TB8V,TB9N,RB11K,HB29R,KB32R",0.801886449,"TB8V=0.369,TB9N=1.199,RB11K=0.315,HB29R=-1.488,KB32R=1.083"
1FSS,AB,"TB8V,TB9N",0.429466001,"TB8V=0.369,TB9N=1.199"
1FSS,AB,"TB8V,TB9N,RB11K,HB29R",-0.391846843,"TB8V=0.369,TB9N=1.199,RB11K=0.315,HB29R=-1.488"
3AAA,ABC,"KA248A,RA258A",4.797284759,"KA248A=2.488,RA258A=2.246"
4K71,ABC,"GA503E,AA545V",2.849380427,"GA503E=0.742,AA545V=2.032"
4CVW,AC,"LC34G,VC35D",7.745464385,"LC34G=2.728,VC35D=4.921"
4B0M,ABM,"PM98S,PM99A",2.07255054,"PM98S=0.758,PM99A=1.916"
4B0M,ABM,"YM9G,YM37A",2.20475238,"YM9G=0.629,YM37A=1.653"
1CHO,EFGI,"KI10T,PI11E,AI12Y",-0.942229543,"KI10T=0.381,PI11E=-0.72,AI12Y=-0.876"
1CHO,EFGI,"KI10T,PI11E,AI12Y,LI15G,RI18M,GI29P,NI33V",5.884188958,"KI10T=0.381,PI11E=-0.72,AI12Y=-0.876,LI15G=6.085,RI18M=2.616,GI29P=0.324,NI33V=0.033"
1CHO,EFGI,"KI10S,PI11D,AI12Y",-1.033277027,"KI10S=-0.427,PI11D=-0.851,AI12Y=-0.876"
1CHO,EFGI,"KI10S,PI11D,AI12Y,LI15G,EI16I,RI18K",7.270103861,"KI10S=-0.427,PI11D=-0.851,AI12Y=-0.876,LI15G=6.085,EI16I=2.642,RI18K=0.663"
1PPF,EI,"KI13T,PI14E,AI15Y",-0.75599117,"KI13T=0.166,PI14E=-1.429,AI15Y=-0.185"
1PPF,EI,"KI13T,PI14E,AI15Y,LI18G,RI21M,GI32P,NI36V",1.769350275,"KI13T=0.166,PI14E=-1.429,AI15Y=-0.185,LI18G=3.333,RI21M=-0.76,GI32P=0.264,NI36V=0.346"
1PPF,EI,"KI13S,PI14D,AI15Y",-0.124976726,"KI13S=0.461,PI14D=-0.493,AI15Y=-0.185"
1PPF,EI,"KI13S,PI14D,AI15Y,LI18G,EI19I,RI21K",4.031302593,"KI13S=0.461,PI14D=-0.493,AI15Y=-0.185,LI18G=3.333,EI19I=0.723,RI21K=0.605"
1R0R,EI,"KI8T,PI9E,AI10Y",-0.872751868,"KI8T=0.89,PI9E=-2.243,AI10Y=-0.838"
1R0R,EI,"KI8T,PI9E,AI10Y,LI13G,RI16M,GI27P,NI31V",2.416813902,"KI8T=0.89,PI9E=-2.243,AI10Y=-0.838,LI13G=2.353,RI16M=0.447,GI27P=1.08,NI31V=0.669"
1R0R,EI,"KI8S,PI9D,AI10Y",-1.929858714,"KI8S=-0.307,PI9D=-2.521,AI10Y=-0.838"
1R0R,EI,"KI8S,PI9D,AI10Y,LI13G,EI14I,RI16K",0.798483499,"KI8S=-0.307,PI9D=-2.521,AI10Y=-0.838,LI13G=2.353,EI14I=0.737,RI16K=-0.096"
3SGB,EI,"KI7T,PI8E,AI9Y",-3.857899785,"KI7T=-1.949,PI8E=-0.623,AI9Y=-1.647"
3SGB,EI,"KI7T,PI8E,AI9Y,LI12G,RI15M,GI26P,NI30V",1.847205985,"KI7T=-1.949,PI8E=-0.623,AI9Y=-1.647,LI12G=5.003,RI15M=0.128,GI26P=1.097,NI30V=-0.242"
3SGB,EI,"KI7S,PI8D,AI9Y",-4.137707514,"KI7S=-2.588,PI8D=-1.033,AI9Y=-1.647"
3SGB,EI,"KI7S,PI8D,AI9Y,LI12G,EI13I,RI15K",0.095614846,"KI7S=-2.588,PI8D=-1.033,AI9Y=-1.647,LI12G=5.003,EI13I=-0.623,RI15K=-0.278"
1BJ1,HLVW,"HH101Y,SH105T",-1.344086065,"HH101Y=-1.584,SH105T=-0.391"
1BJ1,HLVW,"TH28D,NH31H",-0.693211035,"TH28D=-0.22,NH31H=-0.763"
1BJ1,HLVW,"TH28D,NH31H,YH54W,HH101Y,SH105T",-1.204037064,"TH28D=-0.22,NH31H=-0.763,YH54W=-0.137,HH101Y=-1.584,SH105T=-0.391"
1BJ1,HLVW,"TH28D,NH31H,HH101Y,SH105T",-1.754742487,"TH28D=-0.22,NH31H=-0.763,HH101Y=-1.584,SH105T=-0.391"
1MHP,HLA,"TH50V,SL27Q,NL51Y",-1.023987998,"TH50V=-0.263,SL27Q=-0.54,NL51Y=-0.103"
1MHP,HLA,"TH50V,KH64E",-0.361201065,"TH50V=-0.263,KH64E=-0.155"
1MHP,HLA,"LH60D,KH64Q",0.043008591,"LH60D=-0.123,KH64Q=-0.155"
1MHP,HLA,"LH60D,KH64E",-0.141863984,"LH60D=-0.123,KH64E=-0.155"
1MHP,HLA,"TH50V,SL27Q,NL51Y",-1.200744639,"TH50V=-0.263,SL27Q=-0.54,NL51Y=-0.103"
1MHP,HLA,"KH64E,SL27Q,NL51Y",-0.953514684,"KH64E=-0.155,SL27Q=-0.54,NL51Y=-0.103"
1MHP,HLA,"TH50V,KH64E,SL27Q,NL51E",-1.267886444,"TH50V=-0.263,KH64E=-0.155,SL27Q=-0.54,NL51E=-0.177"
1MHP,HLA,"TH50V,KH64E,SL27Q,NL51Y",-1.043681027,"TH50V=-0.263,KH64E=-0.155,SL27Q=-0.54,NL51Y=-0.103"
1MHP,HLA,"TH50V,SH35A",2.07676977,"TH50V=-0.263,SH35A=1.573"
1MHP,HLA,"TH50V,SL27Q",-0.694994946,"TH50V=-0.263,SL27Q=-0.54"
1MHP,HLA,"TH50V,KH64E",0.0,"TH50V=-0.263,KH64E=-0.155"
1MHP,HLA,"KH64E,SL27Q",-0.857230022,"KH64E=-0.155,SL27Q=-0.54"
1MHP,HLA,"TH50V,SL27Q,NL51Y",-0.953514684,"TH50V=-0.263,SL27Q=-0.54,NL51Y=-0.103"
1MHP,HLA,"KH64E,SL27Q,NL51Y",-1.085716524,"KH64E=-0.155,SL27Q=-0.54,NL51Y=-0.103"
1MHP,HLA,"TH50V,KH64E,SL27Q,NL51Y",-1.126280407,"TH50V=-0.263,KH64E=-0.155,SL27Q=-0.54,NL51Y=-0.103"
1MLC,ABE,"NA32G,NA92A",-0.686960541,"NA32G=-0.878,NA92A=-1.254"
1MLC,ABE,"SB57V,TB58D",-0.988170878,"SB57V=-0.494,TB58D=-0.56"
1MLC,ABE,"NA32G,NA92A,SB57V,TB58D",-1.735750599,"NA32G=-0.878,NA92A=-1.254,SB57V=-0.494,TB58D=-0.56"
1MLC,ABE,"NA92A,SB57V,TB58D",-2.395259887,"NA92A=-1.254,SB57V=-0.494,TB58D=-0.56"
1MLC,ABE,"NA92A,TB28D,SB57V,TB58D",-2.740586202,"NA92A=-1.254,TB28D=-0.151,SB57V=-0.494,TB58D=-0.56"
1MLC,ABE,"NA92A,TB28D,SB57V,TB58D",-2.582520187,"NA92A=-1.254,TB28D=-0.151,SB57V=-0.494,TB58D=-0.56"
1MLC,ABE,"NA92A,TB28D,SB57V,TB58D",-1.66681076,"NA92A=-1.254,TB28D=-0.151,SB57V=-0.494,TB58D=-0.56"
1YY9,CDA,"TC31E,NC93A",-0.818899595,"TC31E=-0.519,NC93A=-0.742"
1YY9,CDA,"SC26D,TC31E,NC93A",-1.333540524,"SC26D=-0.199,TC31E=-0.519,NC93A=-0.742"
1YY9,CDA,"SC26D,TC31E,NC93A,ND56A,TD61E",-0.652085351,"SC26D=-0.199,TC31E=-0.519,NC93A=-0.742,ND56A=-0.057,TD61E=-0.057"
2NYY,DCA,"VD36I,ED5Q",-0.0493996,"VD36I=-0.215,ED5Q=-0.25"
3NGB,HLG,"AH57G,VH58T,PH63K,VH74T",1.674170507,"AH57G=-0.056,VH58T=0.138,PH63K=0.233,VH74T=0.165"
3NGB,HLG,"IH30T,KH52N,RH54N,GH55S,AH57G,VH58T,RH62Q,PH63K,VH74T,YH75S,YL26S",0.862530563,"IH30T=0.073,KH52N=0.175,RH54N=0.046,GH55S=0.743,AH57G=-0.056,VH58T=0.138,RH62Q=0.097,PH63K=0.233,VH74T=0.165,YH75S=0.333,YL26S=0.652"
3S9D,AB,"RA120A,EB66A",3.602473754,"RA120A=3.074,EB66A=2.412"
3SE4,BC,"KB134A,EC69A",1.902270692,"KB134A=1.775,EC69A=1.364"
3SE4,BC,"KB134R,EC69A",1.401480651,"KB134R=-0.975,EC69A=1.364"
3S9D,AB,"TB33A,LA8A",3.578560886,"TB33A=1.52,LA8A=1.279"
3S9D,AB,"TB33A,LA19A",3.394808983,"TB33A=1.52,LA19A=1.01"
3S9D,AB,"TB33A,FA20A",3.021425982,"TB33A=1.52,FA20A=0.519"
3S9D,AB,"TB33A,LA23A",5.961369903,"TB33A=1.52,LA23A=3.682"
3S9D,AB,"TB33A,RA115A",4.048243205,"TB33A=1.52,RA115A=2.185"
3S9D,AB,"TB33A,AA116G",4.351393374,"TB33A=1.52,AA116G=2.077"
3S9D,AB,"TB33A,MA119A",4.463985083,"TB33A=1.52,MA119A=2.289"
3S9D,AB,"TB33A,RA120A",5.268608036,"TB33A=1.52,RA120A=3.074"
3S9D,AB,"TB33A,SA123A",3.0632635,"TB33A=1.52,SA123A=0.904"
3S9D,AB,"TB33A,LA124A",3.312391328,"TB33A=1.52,LA124A=1.336"
3S9D,AB,"IB34A,RA115A",4.271187937,"IB34A=1.775,RA115A=2.185"
3S9D,AB,"IB34A,AA116G",4.474026883,"IB34A=1.775,AA116G=2.077"
3S9D,AB,"IB34A,MA119A",4.235051616,"IB34A=1.775,MA119A=2.289"
3S9D,AB,"IB34A,RA120A",5.001757889,"IB34A=1.775,RA120A=3.074"
3S9D,AB,"IB34A,SA123A",3.006796795,"IB34A=1.775,SA123A=0.904"
3S9D,AB,"IB34A,LA124A",3.561387162,"IB34A=1.775,LA124A=1.336"
3S9D,AB,"WB87A,RA5A",2.340922179,"WB87A=0.742,RA5A=0.622"
3S9D,AB,"WB87A,LA8A",3.076577588,"WB87A=0.742,LA8A=1.279"
3S9D,AB,"WB87A,MA119A",3.846340369,"WB87A=0.742,MA119A=2.289"
3S9D,AB,"WB87A,SA123A",2.751578601,"WB87A=0.742,SA123A=0.904"
3S9D,AB,"WB87A,LA124A",2.944375748,"WB87A=0.742,LA124A=1.336"
3S9D,AB,"IB90A,LA8A",3.740474065,"IB90A=1.496,LA8A=1.279"
3S9D,AB,"IB90A,LA19A",3.035702624,"IB90A=1.496,LA19A=1.01"
3S9D,AB,"IB90A,FA20A",2.816273939,"IB90A=1.496,FA20A=0.519"
3S9D,AB,"IB90A,LA23A",5.449532,"IB90A=1.496,LA23A=3.682"
3S9D,AB,"IB90A,RA115A",3.525469985,"IB90A=1.496,RA115A=2.185"
3S9D,AB,"IB90A,MA119A",4.035335244,"IB90A=1.496,MA119A=2.289"
3S9D,AB,"IB90A,RA120A",4.908469955,"IB90A=1.496,RA120A=3.074"
3S9D,AB,"IB90A,SA123A",3.25680822,"IB90A=1.496,SA123A=0.904"
3S9D,AB,"IB90A,LA124A",3.346745994,"IB90A=1.496,LA124A=1.336"
3S9D,AB,"DB91A,LA19A",2.944375748,"DB91A=1.048,LA19A=1.01"
3S9D,AB,"DB91A,FA20A",2.384827594,"DB91A=1.048,FA20A=0.519"
3S9D,AB,"DB91A,RA115A",3.672301012,"DB91A=1.048,RA115A=2.185"
3S9D,AB,"DB91A,SA123A",2.678942613,"DB91A=1.048,SA123A=0.904"
3S9D,AB,"DB91A,LA124A",3.021425982,"DB91A=1.048,LA124A=1.336"
3S9D,AB,"MB35V,LA8A",4.427434606,"MB35V=1.824,LA8A=1.279"
3S9D,AB,"MB35V,LA19A",4.316718735,"MB35V=1.824,LA19A=1.01"
3S9D,AB,"MB35V,LA23A",7.1139393,"MB35V=1.824,LA23A=3.682"
3S9D,AB,"MB35V,RA115A",3.705093285,"MB35V=1.824,RA115A=2.185"
3S9D,AB,"MB35V,AA116G",5.300297513,"MB35V=1.824,AA116G=2.077"
3S9D,AB,"MB35V,MA119A",5.456684424,"MB35V=1.824,MA119A=2.289"
3S9D,AB,"MB35V,RA120A",6.066684491,"MB35V=1.824,RA120A=3.074"
3S9D,AB,"MB35V,SA123A",4.080544184,"MB35V=1.824,SA123A=0.904"
3S9D,AB,"MB35V,LA124A",4.533202977,"MB35V=1.824,LA124A=1.336"
3S9D,AB,"EB66A,LA8A",4.092513318,"EB66A=2.412,LA8A=1.279"
3S9D,AB,"EB66A,LA23A",6.058159855,"EB66A=2.412,LA23A=3.682"
3S9D,AB,"EB66A,RA115A",4.658607969,"EB66A=2.412,RA115A=2.185"
3S9D,AB,"EB66A,AA116G",5.041269326,"EB66A=2.412,AA116G=2.077"
3S9D,AB,"EB66A,MA119A",4.980967967,"EB66A=2.412,MA119A=2.289"
3S9D,AB,"EB66A,RA120A",3.632457297,"EB66A=2.412,RA120A=3.074"
3S9D,AB,"EB66A,SA123A",3.543700715,"EB66A=2.412,SA123A=0.904"
3S9D,AB,"EB66A,LA124A",3.769788623,"EB66A=2.412,LA124A=1.336"
3S9D,AB,"HB65A,RA5A",2.21438978,"HB65A=0.631,RA5A=0.622"
3S9D,AB,"HB65A,LA8A",4.016778184,"HB65A=0.631,LA8A=1.279"
3S9D,AB,"HB65A,LA19A",3.056492546,"HB65A=0.631,LA19A=1.01"
3S9D,AB,"HB65A,RA120A",3.846340369,"HB65A=0.631,RA120A=3.074"
3S9D,AB,"HB65A,SA123A",1.135684604,"HB65A=0.631,SA123A=0.904"
3S9D,AB,"HB65A,LA124A",2.939417962,"HB65A=0.631,LA124A=1.336"
1JTG,AB,"EB73A,YB50A",-1.496372946,"EB73A=-0.132,YB50A=-0.407"
3VR6,ABCDEFGH,"RG134A,RG135A",1.400088284,"RG134A=0.83,RG135A=0.899"
2DVW,AB,"RA39A,KA114A",2.362596426,"RA39A=0.911,KA114A=0.034"
1KNE,AP,"AA3F,TP2K",-0.035917177,"AA3F=-0.115,TP2K=-0.314"
1KNE,AP,"AA3F,TP2I",0.589743324,"AA3F=-0.115,TP2I=0.274"
1KNE,AP,"AA3F,TP2F",0.803626397,"AA3F=-0.115,TP2F=0.096"
1KNE,AP,"AA3F,TP2L",0.392969975,"AA3F=-0.115,TP2L=0.204"
1KNE,AP,"AA3K,TP2K",1.599724713,"AA3K=0.895,TP2K=-0.314"
1KNE,AP,"AA3K,TP2I",1.398034722,"AA3K=0.895,TP2I=0.274"
1KNE,AP,"AA3K,TP2F",1.469276556,"AA3K=0.895,TP2F=0.096"
1KNE,AP,"AA3K,TP2L",1.834453985,"AA3K=0.895,TP2L=0.204"
1KNE,AP,"AA3L,TP2K",-0.158933531,"AA3L=-0.0,TP2K=-0.314"
1KNE,AP,"AA3L,TP2I",0.065895848,"AA3L=-0.0,TP2I=0.274"
1KNE,AP,"AA3L,TP2F",0.251722891,"AA3L=-0.0,TP2F=0.096"
1KNE,AP,"AA3L,TP2L",0.251722891,"AA3L=-0.0,TP2L=0.204"
1KNE,AP,"AA3T,TP2K",-0.31437176,"AA3T=-0.377,TP2K=-0.314"
1KNE,AP,"AA3T,TP2I",0.602484718,"AA3T=-0.377,TP2I=0.274"
1KNE,AP,"AA3T,TP2F",0.785395667,"AA3T=-0.377,TP2F=0.096"
1KNE,AP,"AA3T,TP2L",0.563407789,"AA3T=-0.377,TP2L=0.204"
1KNE,AP,"DA40F,TP2K",-0.206354992,"DA40F=-0.617,TP2K=-0.314"
1KNE,AP,"DA40F,TP2I",0.20430143,"DA40F=-0.617,TP2I=0.274"
1KNE,AP,"DA40F,TP2F",-0.158933531,"DA40F=-0.617,TP2F=0.096"
1KNE,AP,"DA40F,TP2L",0.295628306,"DA40F=-0.617,TP2L=0.204"
1KNE,AP,"DA40I,TP2K",0.589743324,"DA40I=0.461,TP2K=-0.314"
1KNE,AP,"DA40I,TP2I",0.614957852,"DA40I=0.461,TP2I=0.274"
1KNE,AP,"DA40I,TP2F",1.095395068,"DA40I=0.461,TP2F=0.096"
1KNE,AP,"DA40I,TP2L",0.576721877,"DA40I=0.461,TP2L=0.204"
1KNE,AP,"DA40K,TP2K",0.33650327,"DA40K=-0.377,TP2K=-0.314"
1KNE,AP,"DA40K,TP2I",0.0,"DA40K=-0.377,TP2I=0.274"
1KNE,AP,"DA40K,TP2F",-0.035917177,"DA40K=-0.377,TP2F=0.096"
1KNE,AP,"DA40K,TP2L",-0.31437176,"DA40K=-0.377,TP2L=0.204"
1KNE,AP,"DA40T,TP2K",0.72707465,"DA40T=0.492,TP2K=-0.314"
1KNE,AP,"DA40T,TP2I",0.887208692,"DA40T=0.492,TP2I=0.274"
1KNE,AP,"DA40T,TP2F",1.240618354,"DA40T=0.492,TP2F=0.096"
1KNE,AP,"DA40T,TP2L",0.251722891,"DA40T=0.492,TP2L=0.204"
1KNE,AP,"KA24A,AA3K",-0.257905055,"KA24A=-1.268,AA3K=0.895"
4GNK,AB,"KA294A,LB764A",-1.552839651,"KA294A=0.099,LB764A=-1.421"
4J2L,ACD,"VA23A,SA34D",2.266683196,"VA23A=0.09,SA34D=-0.97"
4J2L,ACD,"VA23A,LA118E",0.436846409,"VA23A=0.09,LA118E=-0.631"
4J2L,ACD,"SA34D,LA118E",0.697007711,"SA34D=-0.97,LA118E=-0.631"
4OFY,AD,"QA34A,FA40A",4.140706704,"QA34A=1.177,FA40A=4.604"
4OFY,AD,"QA34A,MA36A,FA40A,SA87A",4.461577088,"QA34A=1.177,MA36A=0.084,FA40A=4.604,SA87A=0.142"
2C5D,AC,"GC6S,DC61G",-0.529544174,"GC6S=0.099,DC61G=-0.504"
2C5D,AC,"GC6S,VC66A",-0.846995899,"GC6S=0.099,VC66A=-0.599"
2C5D,AC,"GC6S,GC101R",0.034860171,"GC6S=0.099,GC101R=-0.018"
2C5D,AC,"DC61G,GC101R",-0.561088992,"DC61G=-0.504,GC101R=-0.018"
2C5D,AC,"VC66A,GC101R",-0.656285588,"VC66A=-0.599,GC101R=-0.018"
2C5D,AC,"DC61G,VC66A",-1.040370203,"DC61G=-0.504,VC66A=-0.599"
2C5D,AC,"DC61G,VC66A,GC101R",-0.869932389,"DC61G=-0.504,VC66A=-0.599,GC101R=-0.018"
2C5D,AC,"GC6S,VC66A,GC101R",-0.796697055,"GC6S=0.099,VC66A=-0.599,GC101R=-0.018"
2C5D,AC,"GC6S,DC61G,GC101R",-0.551903506,"GC6S=0.099,DC61G=-0.504,GC101R=-0.018"
4RA0,AC,"AC66V,RC101G",0.953514684,"AC66V=0.931,RC101G=0.247"
4X4M,ABE,"KE153A,HE154A,RE155A",1.788141616,"KE153A=0.64,HE154A=0.383,RE155A=1.74"
4RS1,AB,"LA95A,FA99A",4.122902132,"LA95A=2.366,FA99A=3.626"
4RS1,AB,"EA25K,DA28K",4.122902132,"EA25K=2.14,DA28K=3.619"
4RS1,AB,"EA25K,DA92K",4.122902132,"EA25K=2.14,DA92K=3.26"
4RS1,AB,"DA28K,DA92K",4.122902132,"DA28K=3.619,DA92K=3.26"
4NKQ,CAB,"RB80A,NB81A,YB82A",-0.331545484,"RB80A=0.12,NB81A=0.1,YB82A=-0.375"
4NKQ,CAB,"DB87A,TB88A,KB89A",0.353584866,"DB87A=0.158,TB88A=0.319,KB89A=0.386"
4NKQ,CAB,"KB90A,IB91A,EB92A",-0.701326942,"KB90A=-0.199,IB91A=-0.05,EB92A=-0.353"
4NKQ,CAB,"RB80D,KB90D",1.313719194,"RB80D=-0.077,KB90D=-0.199"
4NKQ,CAB,"DC99K,RB80D",0.176452607,"DC99K=-0.332,RB80D=-0.077"
4NKQ,CAB,"DC99K,DB87R",0.81523636,"DC99K=-0.332,DB87R=0.203"
4NKQ,CAB,"DC99K,KB90D",-0.501983298,"DC99K=-0.332,KB90D=-0.199"
4NKQ,CAB,"DC99K,RB80D,KB90D",0.535558966,"DC99K=-0.332,RB80D=-0.077,KB90D=-0.199"
1LFD,AB,"NA16A,QB25A",0.30178165,"NA16A=0.302,QB25A=0.901"
1LFD,AB,"KA19A,QB25A",2.501266191,"KA19A=1.497,QB25A=0.901"
1LFD,AB,"DA38A,DB33A",0.200322701,"DA38A=-0.601,DB33A=1.101"
1LFD,AB,"HA40A,DB33A",2.201554297,"HA40A=1.0,DB33A=1.101"
1LFD,AB,"NA16A,SB39A",0.0,"NA16A=0.302,SB39A=-0.6"
1LFD,AB,"YA18F,SB39A",0.800813749,"YA18F=1.0,SB39A=-0.6"
1LFD,AB,"KA35A,SB39A",-0.099673435,"KA35A=0.297,SB39A=-0.6"
1LFD,AB,"HA40A,SB39A",0.501125294,"HA40A=1.0,SB39A=-0.6"
1LFD,AB,"NA16A,YB40F",2.30116735,"NA16A=0.302,YB40F=2.301"
1LFD,AB,"YA18F,YB40F",2.601687317,"YA18F=1.0,YB40F=2.301"
1LFD,AB,"SA20A,YB40F",1.799184052,"SA20A=0.801,YB40F=2.301"
1LFD,AB,"NA14A,RB41A",1.600662687,"NA14A=1.0,RB41A=0.901"
1LFD,AB,"NA16A,RB41A",1.400743567,"NA16A=0.302,RB41A=0.901"
1LFD,AB,"YA18F,RB41A",1.799184052,"YA18F=1.0,RB41A=0.901"
1LFD,AB,"HA40A,VB29A",1.919624897,"HA40A=1.0,VB29A=0.478"
1LFD,AB,"RA7A,EB37A",2.016675991,"RA7A=1.599,EB37A=1.151"
1LFD,AB,"NA14A,EB37A",1.919624897,"NA14A=1.0,EB37A=1.151"
1LFD,AB,"YA18F,EB37A",1.247075949,"YA18F=1.0,EB37A=1.151"
1LFD,AB,"YA18A,EB37A",3.458532158,"YA18A=3.459,EB37A=1.151"
1LFD,AB,"SA20A,EB37A",2.20829647,"SA20A=0.801,EB37A=1.151"
1LFD,AB,"YA18A,DB38A",4.708082892,"YA18A=3.459,DB38A=3.747"
1LFD,AB,"SA20A,DB38A",3.16999917,"SA20A=0.801,DB38A=3.747"
1LFD,AB,"KA39A,DB38A",5.862424204,"KA39A=1.8,DB38A=3.747"
1LFD,AB,"YA18A,SB39A",3.938493317,"YA18A=3.459,SB39A=-0.6"
1LFD,AB,"NA14A,RB41A",1.437747943,"NA14A=1.0,RB41A=0.901"
1LFD,AB,"NA16A,RB41A",0.766191093,"NA16A=0.302,RB41A=0.901"
1LFD,AB,"KA35A,EB63A",0.285753878,"KA35A=0.297,EB63A=0.286"
4G0N,AB,"TB15A,IA21A",2.129755503,"TB15A=1.453,IA21A=0.871"
4G0N,AB,"VB16A,IA21A",1.551360369,"VB16A=0.968,IA21A=0.871"
4G0N,AB,"VB35A,IA21A",0.290700671,"VB35A=0.097,IA21A=0.871"
4G0N,AB,"VB35A,HA27A",0.192550856,"VB35A=0.097,HA27A=-0.291"
4G0N,AB,"RB6A,EA31A",2.129755503,"RB6A=1.646,EA31A=0.486"
4G0N,AB,"TB15A,EA31A",1.551360369,"TB15A=1.453,EA31A=0.486"
4G0N,AB,"KB31A,EA31A",2.03299325,"KB31A=2.13,EA31A=0.486"
4G0N,AB,"RB6A,DA33A",2.516607159,"RB6A=1.646,DA33A=1.065"
4G0N,AB,"KB31A,DA33A",2.613788796,"KB31A=2.13,DA33A=1.065"
4G0N,AB,"RB6A,IA36A",4.257757406,"RB6A=1.646,IA36A=1.743"
4G0N,AB,"TB15A,IA36A",3.000670807,"TB15A=1.453,IA36A=1.743"
4G0N,AB,"VB16A,IA36A",2.613788796,"VB16A=0.968,IA36A=1.743"
4G0N,AB,"RB6A,EA37A",2.323566255,"RB6A=1.646,EA37A=1.743"
4G0N,AB,"TB15A,EA37A",2.807083676,"TB15A=1.453,EA37A=1.743"
4G0N,AB,"VB16A,EA37A",2.710342286,"VB16A=0.968,EA37A=1.743"
4G0N,AB,"KB31A,EA37A",3.387530778,"KB31A=2.13,EA37A=1.743"
4G0N,AB,"RB6A,DA38A",4.45148535,"RB6A=1.646,DA38A=3.194"
4G0N,AB,"TB15A,DA38A",3.000670807,"TB15A=1.453,DA38A=3.194"
4G0N,AB,"QB13A,SA39A",2.03299325,"QB13A=1.646,SA39A=0.291"
4G0N,AB,"RB14A,SA39A",2.226851188,"RB14A=1.937,SA39A=0.291"
4G0N,AB,"TB15A,SA39A",1.93727042,"TB15A=1.453,SA39A=0.291"
4G0N,AB,"NB11A,RA41A",-0.580601962,"NB11A=0.097,RA41A=-0.581"
4G0N,AB,"QB13A,RA41A",1.258513533,"QB13A=1.646,RA41A=-0.581"
4G0N,AB,"NB11A,VA45A",0.0,"NB11A=0.097,VA45A=-0.291"
4G0N,AB,"QB13A,VA45A",1.551360369,"QB13A=1.646,VA45A=-0.291"
4G0N,AB,"RB14A,VA45A",1.742959433,"RB14A=1.937,VA45A=-0.291"
4G0N,AB,"TB15A,VA45A",1.064968813,"TB15A=1.453,VA45A=-0.291"
1GUA,AB,"RB4A,EA37A",1.300814644,"RB4A=1.001,EA37A=1.301"
1GUA,AB,"VB14A,EA37A",1.700674376,"VB14A=0.1,EA37A=1.301"
4G0N,AB,"FB8W,NB18R",-0.287640069,"FB8W=0.603,NB18R=-0.698"
4G0N,AB,"FB8W,NB18R,VB35I",0.363234961,"FB8W=0.603,NB18R=-0.698,VB35I=0.552"
4G0N,AB,"NB18R,AB32K",-1.279390727,"NB18R=-0.698,AB32K=-1.109"
3KUD,AB,"KB30A,NB16R",0.766586088,"KB30A=1.954,NB16R=-0.798"
4G0N,AB,"TA35A,NB18R",2.099826515,"TA35A=2.629,NB18R=-0.698"
4G0N,AB,"TA35A,AB32K",2.578799076,"TA35A=2.629,AB32K=-1.109"
4G0N,AB,"TA35A,NB18R,AB32K",1.967624675,"TA35A=2.629,NB18R=-0.698,AB32K=-1.109"
3KUD,AB,"KB30A,TA35A",3.04066041,"KB30A=1.954,TA35A=1.991"
3KUD,AB,"KB30A,TA35A,NB16R",1.516922473,"KB30A=1.954,TA35A=1.991,NB16R=-0.798"
3KUD,AB,"TA35A,NB16R",1.489361598,"TA35A=1.991,NB16R=-0.798"
1C1Y,AB,"RB5A,NB10D",2.752527284,"RB5A=1.907,NB10D=1.476"
4G0N,AB,"RB6A,NB11D",3.421206885,"RB6A=1.646,NB11D=1.809"
5M2O,AB,"VB21A,QB25A",3.317598748,"VB21A=2.444,QB25A=1.145"
5M2O,AB,"EA80A,HA117A",2.529977019,"EA80A=0.7,HA117A=0.883"
5M2O,AB,"NA71A,HA117A",2.286818197,"NA71A=0.155,HA117A=0.883"
5M2O,AB,"NA71A,NA120A",2.459462539,"NA71A=0.155,NA120A=0.45"
5M2O,AB,"NA71A,EA80A",1.028941971,"NA71A=0.155,EA80A=0.7"
5M2O,AB,"EA80A,HA117A",2.529977019,"EA80A=0.7,HA117A=0.883"
5M2O,AB,"EA80A,NA120A",1.210966967,"EA80A=0.7,NA120A=0.45"
5M2O,AB,"HA117A,NA120A",2.338982009,"HA117A=0.883,NA120A=0.45"
5XCO,AB,"DA13C,PB6A",2.40996287,"DA13C=0.811,PB6A=1.079"
5XCO,AB,"DA13C,LB7A",2.797382903,"DA13C=0.811,LB7A=2.748"
5XCO,AB,"DA13C,YB8A",2.618992593,"DA13C=0.811,YB8A=1.364"
5XCO,AB,"DA13C,IB9A",2.797382903,"DA13C=0.811,IB9A=2.797"
5XCO,AB,"DA13C,SB10A",2.464354435,"DA13C=0.811,SB10A=1.286"
5XCO,AB,"DA13C,YB11A",2.797382903,"DA13C=0.811,YB11A=1.9"
5XCO,AB,"DA13C,DB12A",2.797382903,"DA13C=0.811,DB12A=2.797"
5XCO,AB,"DA13C,PB13A",1.747583557,"DA13C=0.811,PB13A=0.635"
5XCO,AB,"DA13C,VB14A",0.859964721,"DA13C=0.811,VB14A=-0.0"
5XCO,AB,"DA13G,PB6A",2.453868285,"DA13G=1.11,PB6A=1.079"
5XCO,AB,"DA13G,LB7A",2.797382903,"DA13G=1.11,LB7A=2.748"
5XCO,AB,"DA13G,YB8A",2.741508354,"DA13G=1.11,YB8A=1.364"
5XCO,AB,"DA13G,IB9A",2.797382903,"DA13G=1.11,IB9A=2.797"
5XCO,AB,"DA13G,SB10A",2.791428561,"DA13G=1.11,SB10A=1.286"
5XCO,AB,"DA13G,YB11A",2.797382903,"DA13G=1.11,YB11A=1.9"
5XCO,AB,"DA13G,DB12A",2.797382903,"DA13G=1.11,DB12A=2.797"
5XCO,AB,"DA13G,PB13A",2.122322801,"DA13G=1.11,PB13A=0.635"
5XCO,AB,"DA13G,VB14A",1.322820468,"DA13G=1.11,VB14A=-0.0"
5UFE,AB,"GA12D,QB25R",-0.975104392,"GA12D=-1.221,QB25R=0.292"
2KSO,AB,"RA43E,HB20E",0.454561837,"RA43E=-0.662,HB20E=-0.155"
2WPT,AB,"DA30A,FB79A",-0.164685808,"DA30A=-0.132,FB79A=1.17"
2WPT,AB,"SB77A,NA31A",-0.437254743,"SB77A=-0.094,NA31A=-0.38"
3QIB,ABPCD,"KA67A,EB64A",1.507048045,"KA67A=0.566,EB64A=1.213"
3QIB,ABPCD,"YP6F,TP11S",1.216969681,"YP6F=0.108,TP11S=1.076"
