pdb,complex,labels,chain_prot1,chain_prot2,ab_chain,ag_chain,fold_id,direction
1ak4,D:A488G,-2.49,A,D,A,D,6,forward
1ak4,D:A488V,-0.6,A,D,A,D,0,forward
1ak4,D:A492G,-0.41,A,D,A,D,3,forward
1ak4,D:A492V,-0.19,A,D,A,D,6,forward
1ak4,D:G489A,-1.91,A,D,A,D,7,forward
1ak4,D:G489V,-2.86,A,D,A,D,0,forward
1ak4,D:H487A,-0.84,A,D,A,D,4,forward
1ak4,D:H487Q,-0.8,A,D,A,D,7,forward
1ak4,D:H487R,-1.48,A,D,A,D,1,forward
1ak4,D:I491A,-0.07,A,D,A,D,1,forward
1ak4,D:I491V,0.17,A,D,A,D,2,forward
1ak4,D:P485A,-0.92,A,D,A,D,9,forward
1ak4,D:P490A,-2.0,A,D,A,D,4,forward
1ak4,D:P490V,-2.86,A,D,A,D,7,forward
1ak4,D:P493A,-0.51,A,D,A,D,0,forward
1ak4,D:V486A,-0.82,A,D,A,D,2,forward
1bj1,V:F17A,-0.0,HL,VW,HL,V,2,forward
1bj1,V:Y21A,-0.0,HL,VW,HL,V,5,forward
1bj1,W:E93A,-0.82,HL,VW,HL,W,0,forward
1bj1,W:G88A,-2.76,HL,VW,HL,W,3,forward
1bj1,W:G92A,-3.69,HL,VW,HL,W,4,forward
1bj1,W:H90A,-0.0,HL,VW,HL,W,5,forward
1bj1,W:H90A,-0.0,HL,VW,HL,W,6,forward
1bj1,W:I80A,-0.82,HL,VW,HL,W,9,forward
1bj1,W:I83A,-3.69,HL,VW,HL,W,8,forward
1bj1,W:I91A,-0.41,HL,VW,HL,W,8,forward
1bj1,W:K48A,-0.41,HL,VW,HL,W,6,forward
1bj1,W:K84A,-0.65,HL,VW,HL,W,1,forward
1bj1,W:M81A,-3.69,HL,VW,HL,W,9,forward
1bj1,W:M94A,-1.42,HL,VW,HL,W,7,forward
1bj1,W:Q87A,-0.0,HL,VW,HL,W,3,forward
1bj1,W:Q87A,-0.0,HL,VW,HL,W,0,forward
1bj1,W:Q89A,-1.75,HL,VW,HL,W,9,forward
1bj1,W:R82A,-3.69,HL,VW,HL,W,8,forward
1bj1,W:Y45A,-0.82,HL,VW,HL,W,1,forward
1cz8,V:F17A,-0.0,HL,VW,HL,V,5,forward
1cz8,V:Y21A,-0.0,HL,VW,HL,V,8,forward
1cz8,W:E93A,-1.15,HL,VW,HL,W,4,forward
1cz8,W:G88A,-2.67,HL,VW,HL,W,4,forward
1cz8,W:G92A,-4.1,HL,VW,HL,W,0,forward
1cz8,W:H90A,-0.0,HL,VW,HL,W,3,forward
1cz8,W:H90A,-0.0,HL,VW,HL,W,8,forward
1cz8,W:I80A,-0.95,HL,VW,HL,W,4,forward
1cz8,W:I83A,-1.3,HL,VW,HL,W,8,forward
1cz8,W:I91A,-1.06,HL,VW,HL,W,1,forward
1cz8,W:K48A,-0.0,HL,VW,HL,W,0,forward
1cz8,W:K84A,-1.36,HL,VW,HL,W,5,forward
1cz8,W:M81A,-4.1,HL,VW,HL,W,3,forward
1cz8,W:M94A,-1.91,HL,VW,HL,W,4,forward
1cz8,W:Q79A,-0.65,HL,VW,HL,W,1,forward
1cz8,W:Q87A,-0.0,HL,VW,HL,W,4,forward
1cz8,W:Q89A,-1.06,HL,VW,HL,W,6,forward
1cz8,W:R82A,-0.82,HL,VW,HL,W,0,forward
1cz8,W:Y45A,-1.94,HL,VW,HL,W,7,forward
1dqj,C:D101A,-1.3,C,HL,HL,C,3,forward
1dqj,C:K96A,-6.1,C,HL,HL,C,0,forward
1dqj,C:K97A,-3.5,C,HL,HL,C,7,forward
1dqj,C:L75A,-1.5,C,HL,HL,C,9,forward
1dqj,C:N93A,-0.6,C,HL,HL,C,0,forward
1dqj,C:R21A,-1.3,C,HL,HL,C,7,forward
1dqj,C:S100A,-0.8,C,HL,HL,C,2,forward
1dqj,C:T89A,-0.8,C,HL,HL,C,1,forward
1dqj,C:W62A,-0.8,C,HL,HL,C,4,forward
1dqj,C:W63A,-1.3,C,HL,HL,C,6,forward
1dqj,C:Y20A,-3.3,C,HL,HL,C,2,forward
1dqj,H:D32A,-2.0,C,HL,HL,C,3,forward
1dqj,H:W98A,-4.9,C,HL,HL,C,5,forward
1dqj,H:Y33A,-5.5,C,HL,HL,C,8,forward
1dqj,H:Y50A,-6.9,C,HL,HL,C,4,forward
1dqj,H:Y53A,-1.2,C,HL,HL,C,8,forward
1dqj,L:N31A,-2.0,C,HL,HL,C,2,forward
1dqj,L:N32A,-4.1,C,HL,HL,C,4,forward
1dqj,L:S91A,-1.4,C,HL,HL,C,9,forward
1dqj,L:Y50A,-2.7,C,HL,HL,C,8,forward
1dqj,L:Y96A,-1.1,C,HL,HL,C,6,forward
1dvf,A:H30A,-1.67,AB,CD,BA,CD,1,forward
1dvf,A:S93A,-1.17,AB,CD,BA,CD,4,forward
1dvf,A:W92A,-0.34,AB,CD,BA,CD,2,forward
1dvf,A:Y32A,-2.05,AB,CD,BA,CD,5,forward
1dvf,A:Y49A,-1.64,AB,CD,BA,CD,3,forward
1dvf,A:Y49A,-1.75,AB,CD,BA,CD,3,forward
1dvf,A:Y50A,-0.69,AB,CD,BA,CD,2,forward
1dvf,B:D100A,-2.82,AB,CD,BA,CD,2,forward
1dvf,B:D54A,-4.32,AB,CD,BA,CD,4,forward
1dvf,B:D58A,-1.62,AB,CD,BA,CD,9,forward
1dvf,B:E98A,-4.23,AB,CD,BA,CD,0,forward
1dvf,B:N56A,-1.17,AB,CD,BA,CD,9,forward
1dvf,B:R99A,-1.89,AB,CD,BA,CD,9,forward
1dvf,B:T30A,-0.92,AB,CD,BA,CD,2,forward
1dvf,B:W52A,-4.17,AB,CD,BA,CD,6,forward
1dvf,B:Y101F,-2.03,AB,CD,BA,CD,4,forward
1dvf,B:Y32A,-1.85,AB,CD,BA,CD,9,forward
1dvf,C:Y49A,-1.88,AB,CD,BA,CD,1,forward
1dvf,D:D52A,-1.7,AB,CD,BA,CD,8,forward
1dvf,D:H33A,-1.88,AB,CD,BA,CD,8,forward
1dvf,D:I101A,-2.71,AB,CD,BA,CD,4,forward
1dvf,D:K30A,-1.01,AB,CD,BA,CD,6,forward
1dvf,D:N55A,-1.88,AB,CD,BA,CD,2,forward
1dvf,D:Q104A,-1.64,AB,CD,BA,CD,9,forward
1dvf,D:R106A,-4.13,AB,CD,BA,CD,9,forward
1dvf,D:Y102A,-4.79,AB,CD,BA,CD,5,forward
1ffw,A:A90V,-0.09,A,B,A,B,3,forward
1ffw,A:D13K,-0.05,A,B,A,B,6,forward
1ffw,A:E117K,-0.71,A,B,A,B,2,forward
1ffw,A:E93K,-0.82,A,B,A,B,5,forward
1ffw,A:F111V,-1.26,A,B,A,B,4,forward
1ffw,A:T112I,-0.56,A,B,A,B,8,forward
1ffw,A:T87I,0.32,A,B,A,B,6,forward
1ffw,A:V108M,-1.13,A,B,A,B,0,forward
1ffw,A:Y106W,-0.71,A,B,A,B,5,forward
1jrh,I:E45Q,-0.11,HL,I,HL,I,3,forward
1jrh,I:T14V,0.02,HL,I,HL,I,8,forward
1jtg,A:K234A,-0.82,A,B,A,B,6,forward
1jtg,A:R243A,-0.56,A,B,A,B,2,forward
1jtg,A:S130A,-0.5,A,B,A,B,5,forward
1jtg,A:S235A,-1.32,A,B,A,B,9,forward
1jtg,B:D49A,-1.98,A,B,A,B,4,forward
1ktz,B:D118A,-0.9,A,B,A,B,2,forward
1ktz,B:D32A,-1.4,A,B,A,B,4,forward
1ktz,B:D32N,-1.7,A,B,A,B,5,forward
1ktz,B:E119A,-1.4,A,B,A,B,5,forward
1ktz,B:E119Q,-1.7,A,B,A,B,8,forward
1ktz,B:E55A,-1.3,A,B,A,B,2,forward
1ktz,B:E75A,-1.0,A,B,A,B,9,forward
1ktz,B:F110A,-0.9,A,B,A,B,1,forward
1ktz,B:F30A,-2.9,A,B,A,B,5,forward
1ktz,B:H79A,-0.4,A,B,A,B,6,forward
1ktz,B:I125A,-0.5,A,B,A,B,4,forward
1ktz,B:I50A,-1.9,A,B,A,B,9,forward
1ktz,B:I53A,-1.2,A,B,A,B,8,forward
1ktz,B:L27A,-1.9,A,B,A,B,9,forward
1ktz,B:M112A,-0.8,A,B,A,B,2,forward
1ktz,B:N47A,-0.3,A,B,A,B,6,forward
1ktz,B:S49A,-0.5,A,B,A,B,5,forward
1ktz,B:S52A,-0.4,A,B,A,B,6,forward
1ktz,B:S52L,-3.7,A,B,A,B,6,forward
1ktz,B:T51A,-1.3,A,B,A,B,8,forward
1ktz,B:V62A,-0.7,A,B,A,B,7,forward
1ktz,B:V77A,-0.5,A,B,A,B,5,forward
1mhp,H:F99W,-0.0,A,HL,HL,A,8,forward
1mhp,H:F99Y,-0.76,A,HL,HL,A,1,forward
1mhp,H:G100F,-0.57,A,HL,HL,A,0,forward
1mhp,H:G100I,-8.0,A,HL,HL,A,1,forward
1mhp,H:G100L,-2.73,A,HL,HL,A,4,forward
1mhp,H:G100M,-0.1,A,HL,HL,A,4,forward
1mhp,H:G100S,-0.56,A,HL,HL,A,3,forward
1mhp,H:G100V,-8.0,A,HL,HL,A,8,forward
1mhp,H:G102S,-8.0,A,HL,HL,A,7,forward
1mhp,H:G53A,-0.51,A,HL,HL,A,7,forward
1mhp,H:G53N,-1.26,A,HL,HL,A,8,forward
1mhp,H:G53Q,-8.0,A,HL,HL,A,4,forward
1mhp,H:G53S,-0.68,A,HL,HL,A,9,forward
1mhp,H:G53W,-8.0,A,HL,HL,A,0,forward
1mhp,H:G54I,-1.36,A,HL,HL,A,7,forward
1mhp,H:G54M,-8.0,A,HL,HL,A,4,forward
1mhp,H:G54N,-8.0,A,HL,HL,A,5,forward
1mhp,H:G54T,-1.17,A,HL,HL,A,1,forward
1mhp,H:G54Y,-0.0,A,HL,HL,A,5,forward
1mhp,H:H56Y,-8.0,A,HL,HL,A,4,forward
1mhp,H:K64D,0.12,A,HL,HL,A,0,forward
1mhp,H:K64E,0.16,A,HL,HL,A,7,forward
1mhp,H:K64N,0.07,A,HL,HL,A,0,forward
1mhp,H:K64Q,0.16,A,HL,HL,A,4,forward
1mhp,H:L60D,0.12,A,HL,HL,A,7,forward
1mhp,H:R31Q,-1.31,A,HL,HL,A,8,forward
1mhp,H:S35A,-1.58,A,HL,HL,A,3,forward
1mhp,H:S35Q,-2.73,A,HL,HL,A,8,forward
1mhp,H:S35V,-8.0,A,HL,HL,A,4,forward
1mhp,H:S52M,-2.08,A,HL,HL,A,8,forward
1mhp,H:S52T,-8.0,A,HL,HL,A,9,forward
1mhp,H:T33N,-2.73,A,HL,HL,A,5,forward
1mhp,H:T50Q,-8.0,A,HL,HL,A,5,forward
1mhp,H:T33V,-0.43,A,HL,HL,A,4,forward
1mhp,H:T50E,-8.0,A,HL,HL,A,6,forward
1mhp,H:T50Q,-8.0,A,HL,HL,A,9,forward
1mhp,H:T50V,0.26,A,HL,HL,A,2,forward
1mhp,H:Y58E,-2.08,A,HL,HL,A,8,forward
1mhp,H:Y58Q,-2.08,A,HL,HL,A,5,forward
1mhp,H:Y58W,-0.82,A,HL,HL,A,5,forward
1mhp,H:Y59E,-0.54,A,HL,HL,A,4,forward
1mhp,L:G92Q,-1.58,A,HL,HL,A,8,forward
1mhp,L:G92S,-0.51,A,HL,HL,A,4,forward
1mhp,L:H31K,-1.17,A,HL,HL,A,3,forward
1mhp,L:H31R,-1.12,A,HL,HL,A,2,forward
1mhp,L:H31W,-1.26,A,HL,HL,A,0,forward
1mhp,L:L49F,-0.71,A,HL,HL,A,6,forward
1mhp,L:L49K,-0.93,A,HL,HL,A,0,forward
1mhp,L:L49W,-1.91,A,HL,HL,A,2,forward
1mhp,L:L49Y,-8.0,A,HL,HL,A,3,forward
1mhp,L:N30K,-8.0,A,HL,HL,A,8,forward
1mhp,L:N30V,-1.05,A,HL,HL,A,3,forward
1mhp,L:N30W,-1.58,A,HL,HL,A,2,forward
1mhp,L:N30Y,-1.91,A,HL,HL,A,1,forward
1mhp,L:N52D,-0.5,A,HL,HL,A,4,forward
1mhp,L:N52E,0.18,A,HL,HL,A,1,forward
1mhp,L:N52K,-0.66,A,HL,HL,A,2,forward
1mhp,L:N52R,-0.85,A,HL,HL,A,2,forward
1mhp,L:N52Y,0.1,A,HL,HL,A,8,forward
1mhp,L:N93D,-8.0,A,HL,HL,A,0,forward
1mhp,L:S24R,0.07,A,HL,HL,A,8,forward
1mhp,L:S28Q,0.67,A,HL,HL,A,3,forward
1mhp,L:S91K,-8.0,A,HL,HL,A,9,forward
1mhp,L:S91Q,-1.78,A,HL,HL,A,1,forward
1mhp,L:S91R,-2.73,A,HL,HL,A,9,forward
1mhp,L:S91T,-2.32,A,HL,HL,A,1,forward
1mhp,L:S91W,-8.0,A,HL,HL,A,6,forward
1mhp,L:W90Q,-2.08,A,HL,HL,A,3,forward
1mlc,H:K65D,-0.02,E,HL,HL,E,8,forward
1mlc,H:S57A,0.38,E,HL,HL,E,4,forward
1mlc,H:S57V,0.49,E,HL,HL,E,9,forward
1mlc,H:T28D,0.15,E,HL,HL,E,4,forward
1mlc,H:T31A,-0.45,E,HL,HL,E,0,forward
1mlc,H:T31V,-0.53,E,HL,HL,E,8,forward
1mlc,H:T31W,-0.13,E,HL,HL,E,6,forward
1mlc,H:T58D,0.56,E,HL,HL,E,3,forward
1mlc,L:N32G,0.85,E,HL,HL,E,1,forward
1mlc,L:N32Y,-0.0,E,HL,HL,E,8,forward
1mlc,L:N92A,1.25,E,HL,HL,E,4,forward
1n8z,H:D31A,-0.25,C,HL,HL,C,6,forward
1n8z,H:D98A,-1.21,C,HL,HL,C,7,forward
1n8z,H:D98W,0.69,C,HL,HL,C,5,forward
1n8z,H:F100A,-1.17,C,HL,HL,C,8,forward
1n8z,H:K30A,-0.61,C,HL,HL,C,4,forward
1n8z,H:N54A,0.15,C,HL,HL,C,6,forward
1n8z,H:R50A,-8.0,C,HL,HL,C,1,forward
1n8z,H:T32A,-0.38,C,HL,HL,C,6,forward
1n8z,H:T53A,-0.78,C,HL,HL,C,6,forward
1n8z,H:W95A,-8.0,C,HL,HL,C,7,forward
1n8z,H:Y100aA,-8.0,C,HL,HL,C,6,forward
1n8z,H:Y100aF,0.05,C,HL,HL,C,5,forward
1n8z,H:Y100aF,-0.82,C,HL,HL,C,3,forward
1n8z,H:Y102V,-0.22,C,HL,HL,C,1,forward
1n8z,H:Y33A,0.09,C,HL,HL,C,8,forward
1n8z,H:Y52A,-0.23,C,HL,HL,C,1,forward
1n8z,H:Y56A,-0.87,C,HL,HL,C,8,forward
1n8z,L:D28N,0.28,C,HL,HL,C,4,forward
1n8z,L:F53N,-1.21,C,HL,HL,C,4,forward
1n8z,L:H91A,-8.0,C,HL,HL,C,6,forward
1n8z,L:H91F,0.43,C,HL,HL,C,5,forward
1n8z,L:H91F,-0.03,C,HL,HL,C,3,forward
1n8z,L:N30A,-1.12,C,HL,HL,C,0,forward
1n8z,L:N30S,-0.06,C,HL,HL,C,1,forward
1n8z,L:R66G,-0.22,C,HL,HL,C,4,forward
1n8z,L:S50A,0.07,C,HL,HL,C,5,forward
1n8z,L:S52A,0.31,C,HL,HL,C,9,forward
1n8z,L:T31A,-0.8,C,HL,HL,C,5,forward
1n8z,L:T93A,-0.82,C,HL,HL,C,6,forward
1n8z,L:T94A,0.12,C,HL,HL,C,0,forward
1n8z,L:T94S,-0.31,C,HL,HL,C,6,forward
1n8z,L:Y49A,-1.05,C,HL,HL,C,2,forward
1n8z,L:Y92A,-1.36,C,HL,HL,C,5,forward
1n8z,L:Y92F,0.21,C,HL,HL,C,1,forward
1vfb,C:D119A,-1.0,C,HL,HL,C,2,forward
1vfb,C:D18A,-0.3,C,HL,HL,C,3,forward
1vfb,C:I124A,-1.2,C,HL,HL,C,0,forward
1vfb,C:K116A,-0.7,C,HL,HL,C,3,forward
1vfb,C:L129A,-0.2,C,HL,HL,C,9,forward
1vfb,C:N19A,-0.3,C,HL,HL,C,9,forward
1vfb,C:Q121A,-2.9,C,HL,HL,C,4,forward
1vfb,C:R125A,-1.8,C,HL,HL,C,6,forward
1vfb,C:S24A,-0.8,C,HL,HL,C,3,forward
1vfb,C:T118A,-0.8,C,HL,HL,C,3,forward
1vfb,C:V120A,-0.9,C,HL,HL,C,4,forward
1vfb,C:Y23A,-0.4,C,HL,HL,C,2,forward
1vfb,H:D100A,-2.9,C,HL,HL,C,3,forward
1vfb,H:D54A,-1.0,C,HL,HL,C,6,forward
1vfb,H:D58E,-0.08,C,HL,HL,C,4,forward
1vfb,H:D58N,0.13,C,HL,HL,C,2,forward
1vfb,H:G31A,-0.3,C,HL,HL,C,0,forward
1vfb,H:G31E,0.51,C,HL,HL,C,1,forward
1vfb,H:G31W,-0.01,C,HL,HL,C,0,forward
1vfb,H:R99W,-0.71,C,HL,HL,C,2,forward
1vfb,H:R99Y,-1.26,C,HL,HL,C,3,forward
1vfb,H:S28D,-0.0,C,HL,HL,C,9,forward
1vfb,H:S28E,0.1,C,HL,HL,C,8,forward
1vfb,H:S28N,-0.15,C,HL,HL,C,9,forward
1vfb,H:S28Q,-0.08,C,HL,HL,C,7,forward
1vfb,H:W52A,-0.9,C,HL,HL,C,9,forward
1vfb,H:Y101A,-4.0,C,HL,HL,C,3,forward
1vfb,H:Y101F,-1.6,C,HL,HL,C,3,forward
1vfb,H:Y32A,-1.1,C,HL,HL,C,7,forward
1vfb,H:Y32E,-1.91,C,HL,HL,C,7,forward
1vfb,L:L46D,-8.0,C,HL,HL,C,7,forward
1vfb,L:L46E,-8.0,C,HL,HL,C,0,forward
1vfb,L:N31W,-0.17,C,HL,HL,C,7,forward
1vfb,L:T52F,-0.47,C,HL,HL,C,4,forward
1vfb,L:T53R,-1.67,C,HL,HL,C,8,forward
1vfb,L:W92A,-3.3,C,HL,HL,C,8,forward
1vfb,L:Y32A,-1.7,C,HL,HL,C,5,forward
1vfb,L:Y32W,-8.0,C,HL,HL,C,4,forward
1vfb,L:Y50A,-0.5,C,HL,HL,C,8,forward
1vfb,L:Y50K,-1.67,C,HL,HL,C,9,forward
1vfb,L:Y50R,-0.85,C,HL,HL,C,6,forward
1yy9,H:N56A,0.06,A,HL,HL,A,4,forward
1yy9,H:T61E,0.06,A,HL,HL,A,2,forward
1yy9,L:N93A,0.74,A,HL,HL,A,1,forward
1yy9,L:S26D,0.2,A,HL,HL,A,8,forward
1yy9,L:T31E,0.52,A,HL,HL,A,8,forward
2jel,P:A82S,-0.0,HL,P,HL,P,2,forward
2jel,P:D69E,-0.96,HL,P,HL,P,1,forward
2jel,P:E5D,-0.41,HL,P,HL,P,7,forward
2jel,P:E5Q,-0.72,HL,P,HL,P,4,forward
2jel,P:E70K,-4.13,HL,P,HL,P,2,forward
2jel,P:E68A,-0.41,HL,P,HL,P,2,forward
2jel,P:E70A,-2.75,HL,P,HL,P,4,forward
2jel,P:E70K,-4.13,HL,P,HL,P,7,forward
2jel,P:E75R,-2.75,HL,P,HL,P,4,forward
2jel,P:E85A,-0.0,HL,P,HL,P,9,forward
2jel,P:E85A,-0.0,HL,P,HL,P,1,forward
2jel,P:E85D,-0.0,HL,P,HL,P,5,forward
2jel,P:E85K,-0.0,HL,P,HL,P,1,forward
2jel,P:E85Q,-0.0,HL,P,HL,P,2,forward
2jel,P:F2W,-2.64,HL,P,HL,P,0,forward
2jel,P:F2Y,-0.0,HL,P,HL,P,5,forward
2jel,P:H76A,0.41,HL,P,HL,P,9,forward
2jel,P:H76D,0.66,HL,P,HL,P,3,forward
2jel,P:K27E,-0.0,HL,P,HL,P,3,forward
2jel,P:K27E,-0.0,HL,P,HL,P,1,forward
2jel,P:K79E,-0.41,HL,P,HL,P,4,forward
2jel,P:K72R,-0.0,HL,P,HL,P,0,forward
2jel,P:K79E,-0.41,HL,P,HL,P,0,forward
2jel,P:N12D,-0.0,HL,P,HL,P,5,forward
2jel,P:N38T,-0.0,HL,P,HL,P,2,forward
2jel,P:P11E,-0.0,HL,P,HL,P,8,forward
2jel,P:Q3K,-4.13,HL,P,HL,P,9,forward
2jel,P:Q4K,-1.38,HL,P,HL,P,5,forward
2jel,P:Q57E,0.41,HL,P,HL,P,7,forward
2jel,P:Q71E,-2.75,HL,P,HL,P,6,forward
2jel,P:R17G,-0.0,HL,P,HL,P,0,forward
2jel,P:R17K,-0.0,HL,P,HL,P,8,forward
2jel,P:S41C,-1.51,HL,P,HL,P,0,forward
2jel,P:S46C,-0.0,HL,P,HL,P,4,forward
2jel,P:S46C,-0.0,HL,P,HL,P,4,forward
2jel,P:S64T,-4.13,HL,P,HL,P,0,forward
2jel,P:T34Q,-0.0,HL,P,HL,P,5,forward
2jel,P:T36Q,-0.41,HL,P,HL,P,9,forward
2jel,P:T62A,-0.0,HL,P,HL,P,7,forward
2jel,P:T62N,-0.0,HL,P,HL,P,5,forward
2jel,P:T7N,-0.41,HL,P,HL,P,3,forward
2jel,P:T7S,-0.0,HL,P,HL,P,6,forward
2jel,P:V6F,-0.0,HL,P,HL,P,8,forward
2nyy,A:D1058A,-0.01,A,HL,HL,A,8,forward
2nyy,A:D1062A,-2.53,A,HL,HL,A,1,forward
2nyy,A:E920A,-2.84,A,HL,HL,A,7,forward
2nyy,A:F917A,-0.42,A,HL,HL,A,4,forward
2nyy,A:F953A,-4.06,A,HL,HL,A,5,forward
2nyy,A:H1064A,-7.32,A,HL,HL,A,5,forward
2nyy,A:I956A,0.01,A,HL,HL,A,6,forward
2nyy,A:K1056A,0.03,A,HL,HL,A,7,forward
2nyy,A:K903A,-0.29,A,HL,HL,A,0,forward
2nyy,A:K923A,0.14,A,HL,HL,A,5,forward
2nyy,A:L919A,-2.59,A,HL,HL,A,1,forward
2nyy,A:N918A,-0.89,A,HL,HL,A,4,forward
2nyy,A:N954A,-0.1,A,HL,HL,A,7,forward
2nyy,A:Q915A,-0.52,A,HL,HL,A,6,forward
2nyy,A:R1061A,-0.82,A,HL,HL,A,6,forward
2nyy,A:R1294A,-0.3,A,HL,HL,A,3,forward
2nyy,A:S902A,0.23,A,HL,HL,A,7,forward
2nyy,A:S955A,-0.0,A,HL,HL,A,2,forward
2nyy,A:T1063A,-1.62,A,HL,HL,A,0,forward
2nyy,H:K30R,-0.07,A,HL,HL,A,6,forward
2nyy,H:M34Q,0.06,A,HL,HL,A,1,forward
2nyy,H:Y31D,-0.07,A,HL,HL,A,3,forward
2nyy,H:Y31Q,-0.13,A,HL,HL,A,3,forward
2nyy,H:Y57Q,-0.52,A,HL,HL,A,0,forward
2nyy,L:D30Y,-0.65,A,HL,HL,A,6,forward
2nyy,L:H34R,-0.1,A,HL,HL,A,3,forward
2nyy,L:S28Q,-0.42,A,HL,HL,A,3,forward
2nyy,L:S31N,0.36,A,HL,HL,A,9,forward
2nz9,A:D1058A,0.03,A,HL,HL,A,6,forward
2nz9,A:D1062A,-2.34,A,HL,HL,A,9,forward
2nz9,A:E920A,-2.77,A,HL,HL,A,7,forward
2nz9,A:F917A,0.05,A,HL,HL,A,4,forward
2nz9,A:F953A,-3.34,A,HL,HL,A,9,forward
2nz9,A:H1064A,-7.42,A,HL,HL,A,6,forward
2nz9,A:I956A,-0.07,A,HL,HL,A,6,forward
2nz9,A:K1056A,0.01,A,HL,HL,A,7,forward
2nz9,A:K903A,-0.54,A,HL,HL,A,9,forward
2nz9,A:K923A,0.3,A,HL,HL,A,4,forward
2nz9,A:L919A,-2.28,A,HL,HL,A,5,forward
2nz9,A:N918A,-2.16,A,HL,HL,A,4,forward
2nz9,A:N954A,0.15,A,HL,HL,A,1,forward
2nz9,A:Q915A,-0.1,A,HL,HL,A,4,forward
2nz9,A:R1061A,-0.29,A,HL,HL,A,9,forward
2nz9,A:R1294A,-0.39,A,HL,HL,A,3,forward
2nz9,A:S902A,0.12,A,HL,HL,A,5,forward
2nz9,A:S955A,0.08,A,HL,HL,A,2,forward
2nz9,A:T1063A,-2.37,A,HL,HL,A,9,forward
3bdy,H:D31A,-0.2,HL,V,HL,V,9,forward
3bdy,H:D98A,-0.0,HL,V,HL,V,5,forward
3bdy,H:F100A,-0.7,HL,V,HL,V,0,forward
3bdy,H:G96A,-0.2,HL,V,HL,V,5,forward
3bdy,H:G97A,0.1,HL,V,HL,V,6,forward
3bdy,H:G99A,-0.8,HL,V,HL,V,0,forward
3bdy,H:K30A,-0.2,HL,V,HL,V,5,forward
3bdy,H:N54A,0.2,HL,V,HL,V,3,forward
3bdy,H:R50A,0.3,HL,V,HL,V,5,forward
3bdy,H:R58A,0.2,HL,V,HL,V,0,forward
3bdy,H:T32A,0.4,HL,V,HL,V,9,forward
3bdy,H:T53A,0.5,HL,V,HL,V,0,forward
3bdy,H:W95A,-2.0,HL,V,HL,V,7,forward
3bdy,H:Y100aA,-0.5,HL,V,HL,V,6,forward
3bdy,H:Y33A,-0.3,HL,V,HL,V,2,forward
3bdy,H:Y52A,-0.4,HL,V,HL,V,4,forward
3bdy,H:Y56A,-0.2,HL,V,HL,V,6,forward
3bdy,L:D27aA,-0.0,HL,V,HL,V,1,forward
3bdy,L:G31A,-1.2,HL,V,HL,V,3,forward
3bdy,L:G51A,-1.0,HL,V,HL,V,7,forward
3bdy,L:H91A,-2.0,HL,V,HL,V,0,forward
3bdy,L:I27bA,-1.1,HL,V,HL,V,5,forward
3bdy,L:I29A,-0.8,HL,V,HL,V,4,forward
3bdy,L:P27cA,-0.2,HL,V,HL,V,7,forward
3bdy,L:R27dA,0.2,HL,V,HL,V,1,forward
3bdy,L:S28A,-1.0,HL,V,HL,V,4,forward
3bdy,L:S30A,-1.3,HL,V,HL,V,6,forward
3bdy,L:S52A,-0.1,HL,V,HL,V,5,forward
3bdy,L:T93A,0.3,HL,V,HL,V,1,forward
3bdy,L:T94A,-0.0,HL,V,HL,V,6,forward
3bdy,L:W50A,-1.3,HL,V,HL,V,1,forward
3bdy,L:Y32A,-1.7,HL,V,HL,V,6,forward
3bdy,L:Y53A,-0.7,HL,V,HL,V,1,forward
3bdy,L:Y92A,-1.4,HL,V,HL,V,4,forward
3be1,H:D31A,-0.4,A,HL,HL,A,3,forward
3be1,H:D98A,0.1,A,HL,HL,A,9,forward
3be1,H:F100A,-1.9,A,HL,HL,A,5,forward
3be1,H:G96A,-0.1,A,HL,HL,A,1,forward
3be1,H:G97A,-0.3,A,HL,HL,A,7,forward
3be1,H:G99A,-1.8,A,HL,HL,A,1,forward
3be1,H:K30A,0.3,A,HL,HL,A,6,forward
3be1,H:N54A,0.8,A,HL,HL,A,8,forward
3be1,H:R50A,-2.4,A,HL,HL,A,9,forward
3be1,H:R58A,-2.5,A,HL,HL,A,3,forward
3be1,H:T32A,0.4,A,HL,HL,A,0,forward
3be1,H:T53A,-0.1,A,HL,HL,A,8,forward
3be1,H:W95A,-1.8,A,HL,HL,A,2,forward
3be1,H:Y100aA,-1.2,A,HL,HL,A,2,forward
3be1,H:Y33A,-2.4,A,HL,HL,A,1,forward
3be1,H:Y52A,0.8,A,HL,HL,A,7,forward
3be1,H:Y56A,-1.8,A,HL,HL,A,2,forward
3be1,L:D27aA,-0.0,A,HL,HL,A,5,forward
3be1,L:G31A,-0.3,A,HL,HL,A,2,forward
3be1,L:G51A,0.3,A,HL,HL,A,6,forward
3be1,L:H91A,-0.9,A,HL,HL,A,0,forward
3be1,L:I27bA,0.2,A,HL,HL,A,1,forward
3be1,L:I29A,-0.9,A,HL,HL,A,9,forward
3be1,L:P27cA,-0.1,A,HL,HL,A,0,forward
3be1,L:R27dA,0.2,A,HL,HL,A,0,forward
3be1,L:S52A,-0.3,A,HL,HL,A,5,forward
3be1,L:S30A,0.2,A,HL,HL,A,9,forward
3be1,L:S52A,-0.3,A,HL,HL,A,7,forward
3be1,L:T93A,0.4,A,HL,HL,A,8,forward
3be1,L:T94A,-1.4,A,HL,HL,A,5,forward
3be1,L:W50A,-1.4,A,HL,HL,A,1,forward
3be1,L:Y32A,0.8,A,HL,HL,A,0,forward
3be1,L:Y53A,-0.9,A,HL,HL,A,6,forward
3be1,L:Y92A,-0.5,A,HL,HL,A,7,forward
3bn9,A:D217A,-0.57,A,HL,HL,A,5,forward
3bn9,A:D60aA,-0.42,A,HL,HL,A,4,forward
3bn9,A:D60bA,-0.31,A,HL,HL,A,2,forward
3bn9,A:D96A,-6.7,A,HL,HL,A,0,forward
3bn9,A:E169A,-0.37,A,HL,HL,A,6,forward
3bn9,A:F60eA,0.05,A,HL,HL,A,1,forward
3bn9,A:F94A,-0.64,A,HL,HL,A,5,forward
3bn9,A:F97A,-6.7,A,HL,HL,A,7,forward
3bn9,A:H143A,-0.09,A,HL,HL,A,2,forward
3bn9,A:I41A,-0.0,A,HL,HL,A,2,forward
3bn9,A:I60A,-0.84,A,HL,HL,A,2,forward
3bn9,A:K224A,-0.79,A,HL,HL,A,0,forward
3bn9,A:L153A,-0.34,A,HL,HL,A,7,forward
3bn9,A:N95A,-0.77,A,HL,HL,A,8,forward
3bn9,A:Q145A,-0.13,A,HL,HL,A,7,forward
3bn9,A:Q174A,0.03,A,HL,HL,A,3,forward
3bn9,A:Q175A,-2.51,A,HL,HL,A,0,forward
3bn9,A:Q221aA,-0.71,A,HL,HL,A,7,forward
3bn9,A:Q38A,0.42,A,HL,HL,A,0,forward
3bn9,A:R222A,0.09,A,HL,HL,A,6,forward
3bn9,A:R60cA,0.05,A,HL,HL,A,6,forward
3bn9,A:R60fA,0.07,A,HL,HL,A,2,forward
3bn9,A:R87A,0.16,A,HL,HL,A,0,forward
3bn9,A:T150A,-0.29,A,HL,HL,A,0,forward
3bn9,A:T98A,-1.13,A,HL,HL,A,8,forward
3bn9,A:Y146A,-1.09,A,HL,HL,A,2,forward
3bn9,A:Y60gA,-0.02,A,HL,HL,A,2,forward
3bn9,H:P100H,-8.0,A,HL,HL,A,1,forward
3bn9,H:Q100aV,-1.36,A,HL,HL,A,4,forward
3bn9,H:S30G,-1.36,A,HL,HL,A,4,forward
3bn9,H:S30N,-1.36,A,HL,HL,A,1,forward
3bn9,H:T28R,-0.3,A,HL,HL,A,3,forward
3bn9,H:T98Q,-0.0,A,HL,HL,A,8,forward
3bn9,H:T98R,0.06,A,HL,HL,A,2,forward
3bn9,H:Y99S,-0.41,A,HL,HL,A,7,forward
3hfm,H:C95A,-5.52,HL,Y,HL,Y,3,forward
3hfm,H:C95F,-3.25,HL,Y,HL,Y,3,forward
3hfm,H:D32A,-1.9,HL,Y,HL,Y,4,forward
3hfm,H:D32N,-0.17,HL,Y,HL,Y,1,forward
3hfm,H:S31A,-0.17,HL,Y,HL,Y,1,forward
3hfm,H:Y33A,-6.0,HL,Y,HL,Y,5,forward
3hfm,H:Y50A,-8.0,HL,Y,HL,Y,6,forward
3hfm,L:N31A,-5.22,HL,Y,HL,Y,8,forward
3hfm,L:N31D,-1.34,HL,Y,HL,Y,6,forward
3hfm,L:N31E,-5.67,HL,Y,HL,Y,1,forward
3hfm,L:N32A,-5.11,HL,Y,HL,Y,1,forward
3hfm,L:Q53A,-0.95,HL,Y,HL,Y,7,forward
3hfm,L:Y50A,-4.57,HL,Y,HL,Y,3,forward
3hfm,L:Y50F,-2.36,HL,Y,HL,Y,7,forward
3hfm,L:Y50L,-4.4,HL,Y,HL,Y,2,forward
3hfm,L:Y96A,-2.71,HL,Y,HL,Y,0,forward
3hfm,L:Y96F,-1.4,HL,Y,HL,Y,5,forward
3hfm,Y:K96A,-6.83,HL,Y,HL,Y,8,forward
3hfm,Y:K97A,-6.18,HL,Y,HL,Y,8,forward
3hfm,Y:K97M,-1.09,HL,Y,HL,Y,9,forward
3hfm,Y:R21A,-1.03,HL,Y,HL,Y,3,forward
3hfm,Y:Y20A,-4.87,HL,Y,HL,Y,2,forward
3k2m,D:E52A,-2.5,A,D,A,D,0,forward
3k2m,D:M88A,-4.0,A,D,A,D,8,forward
3k2m,D:R38A,-2.5,A,D,A,D,4,forward
3k2m,D:W80A,-4.0,A,D,A,D,6,forward
3k2m,D:Y35A,-1.0,A,D,A,D,7,forward
3k2m,D:Y36A,-3.7,A,D,A,D,5,forward
3k2m,D:Y87A,-4.0,A,D,A,D,6,forward
3ngb,H:A56G,0.06,G,HL,HL,G,1,forward
3ngb,H:G54S,-0.73,G,HL,HL,G,4,forward
3ngb,H:I30T,-0.08,G,HL,HL,G,4,forward
3ngb,H:K52N,-0.18,G,HL,HL,G,2,forward
3ngb,H:P62K,-0.23,G,HL,HL,G,5,forward
3ngb,H:R53N,-0.05,G,HL,HL,G,8,forward
3ngb,H:R61Q,-0.1,G,HL,HL,G,2,forward
3ngb,H:T33Y,-0.08,G,HL,HL,G,5,forward
3ngb,H:V57T,-0.14,G,HL,HL,G,0,forward
3ngb,H:V73T,-0.16,G,HL,HL,G,0,forward
3ngb,H:Y74S,-0.33,G,HL,HL,G,1,forward
3nps,A:D214A,-1.48,A,BC,BC,A,3,forward
3nps,A:D46A,-0.34,A,BC,BC,A,6,forward
3nps,A:D47A,-1.08,A,BC,BC,A,3,forward
3nps,A:D91A,-1.52,A,BC,BC,A,7,forward
3nps,A:E163A,-0.62,A,BC,BC,A,4,forward
3nps,A:F50A,-0.22,A,BC,BC,A,0,forward
3nps,A:F89A,-1.61,A,BC,BC,A,9,forward
3nps,A:F92A,-0.47,A,BC,BC,A,6,forward
3nps,A:H138A,-1.89,A,BC,BC,A,1,forward
3nps,A:I26A,-0.65,A,BC,BC,A,1,forward
3nps,A:I45A,0.34,A,BC,BC,A,1,forward
3nps,A:K221A,0.1,A,BC,BC,A,7,forward
3nps,A:L147A,-0.3,A,BC,BC,A,9,forward
3nps,A:N90A,-0.26,A,BC,BC,A,9,forward
3nps,A:Q140A,-0.3,A,BC,BC,A,4,forward
3nps,A:Q168A,0.06,A,BC,BC,A,1,forward
3nps,A:Q169A,-0.75,A,BC,BC,A,8,forward
3nps,A:Q218A,0.04,A,BC,BC,A,3,forward
3nps,A:Q23A,-0.03,A,BC,BC,A,1,forward
3nps,A:R219A,0.08,A,BC,BC,A,7,forward
3nps,A:R48A,1.07,A,BC,BC,A,9,forward
3nps,A:R51A,-0.14,A,BC,BC,A,2,forward
3nps,A:R82A,0.15,A,BC,BC,A,2,forward
3nps,A:T144A,-0.18,A,BC,BC,A,2,forward
3nps,A:T93A,-0.73,A,BC,BC,A,9,forward
3nps,A:Y141A,-1.79,A,BC,BC,A,8,forward
3nps,A:Y52A,-0.46,A,BC,BC,A,2,forward
HM_1ktz,B:D118A,-0.8,A,B,A,B,6,forward
HM_1ktz,B:D32A,-1.5,A,B,A,B,9,forward
HM_1ktz,B:D32N,-2.0,A,B,A,B,9,forward
HM_1ktz,B:E119A,-1.5,A,B,A,B,4,forward
HM_1ktz,B:E119Q,-1.6,A,B,A,B,9,forward
HM_1ktz,B:E55A,-1.2,A,B,A,B,7,forward
HM_1ktz,B:E75A,-1.1,A,B,A,B,5,forward
HM_1ktz,B:F110A,-0.9,A,B,A,B,2,forward
HM_1ktz,B:F30A,-3.0,A,B,A,B,7,forward
HM_1ktz,B:H79A,-0.3,A,B,A,B,3,forward
HM_1ktz,B:I125A,-0.5,A,B,A,B,2,forward
HM_1ktz,B:I50A,-1.9,A,B,A,B,4,forward
HM_1ktz,B:I53A,-1.4,A,B,A,B,7,forward
HM_1ktz,B:L27A,-1.8,A,B,A,B,2,forward
HM_1ktz,B:M112A,-0.9,A,B,A,B,7,forward
HM_1ktz,B:N47A,-0.3,A,B,A,B,7,forward
HM_1ktz,B:S49A,-0.3,A,B,A,B,2,forward
HM_1ktz,B:S52A,-0.2,A,B,A,B,0,forward
HM_1ktz,B:S52L,-4.0,A,B,A,B,5,forward
HM_1ktz,B:T51A,-1.5,A,B,A,B,6,forward
HM_1ktz,B:V62A,-0.7,A,B,A,B,3,forward
HM_1ktz,B:V77A,-0.4,A,B,A,B,4,forward
HM_1yy9,H:A98W,0.23,A,HL,HL,A,3,forward
HM_1yy9,H:G33D,0.89,A,HL,HL,A,4,forward
HM_1yy9,H:I51G,0.51,A,HL,HL,A,5,forward
HM_1yy9,H:R97D,0.99,A,HL,HL,A,1,forward
HM_1yy9,H:T100Y,0.45,A,HL,HL,A,7,forward
HM_1yy9,H:T57G,0.46,A,HL,HL,A,6,forward
HM_1yy9,H:T57P,0.48,A,HL,HL,A,7,forward
HM_1yy9,H:V50L,0.6,A,HL,HL,A,0,forward
HM_1yy9,H:V50Q,0.64,A,HL,HL,A,1,forward
HM_1yy9,H:Y32R,0.13,A,HL,HL,A,4,forward
HM_1yy9,L:A25V,0.62,A,HL,HL,A,2,forward
HM_1yy9,L:G30Y,0.92,A,HL,HL,A,8,forward
HM_1yy9,L:Q27Y,0.83,A,HL,HL,A,2,forward
HM_1yy9,L:T97C,0.51,A,HL,HL,A,5,forward
HM_1yy9,L:T97D,0.66,A,HL,HL,A,9,forward
HM_1yy9,L:T97S,0.7,A,HL,HL,A,7,forward
HM_2nyy,A:D1062A,0.14,A,HL,HL,A,4,forward
HM_2nyy,A:D902A,0.49,A,HL,HL,A,2,forward
HM_2nyy,A:E920A,-0.5,A,HL,HL,A,8,forward
HM_2nyy,A:F953A,-1.53,A,HL,HL,A,9,forward
HM_2nyy,A:I917A,-0.95,A,HL,HL,A,9,forward
HM_2nyy,A:K915A,0.31,A,HL,HL,A,3,forward
HM_2nyy,A:K955A,0.5,A,HL,HL,A,6,forward
HM_2nyy,A:L919A,-0.41,A,HL,HL,A,6,forward
HM_2nyy,A:N918A,-0.3,A,HL,HL,A,5,forward
HM_2nyy,A:N957A,-0.01,A,HL,HL,A,5,forward
HM_2nyy,A:P1063A,-0.24,A,HL,HL,A,8,forward
HM_2nyy,A:R1061A,-0.58,A,HL,HL,A,8,forward
HM_2nyy,A:R1064A,-4.44,A,HL,HL,A,1,forward
HM_2nyy,A:R903A,0.02,A,HL,HL,A,2,forward
HM_2nyy,A:S954A,0.66,A,HL,HL,A,3,forward
HM_2nyy,A:T923A,-0.62,A,HL,HL,A,9,forward
HM_2nyy,H:K30R,-0.51,A,HL,HL,A,7,forward
HM_2nyy,H:M34Q,0.01,A,HL,HL,A,3,forward
HM_2nyy,H:Y31D,-0.97,A,HL,HL,A,5,forward
HM_2nyy,H:Y31Q,-1.33,A,HL,HL,A,4,forward
HM_2nyy,H:Y57Q,-1.19,A,HL,HL,A,0,forward
HM_2nyy,L:D30Y,-0.6,A,HL,HL,A,8,forward
HM_2nyy,L:H34R,-0.63,A,HL,HL,A,4,forward
HM_2nyy,L:S28Q,-0.7,A,HL,HL,A,3,forward
HM_2nyy,L:S31N,-1.2,A,HL,HL,A,6,forward
HM_2nz9,A:D1062A,0.14,A,HL,HL,A,0,forward
HM_2nz9,A:D902A,0.49,A,HL,HL,A,5,forward
HM_2nz9,A:E920A,-0.5,A,HL,HL,A,8,forward
HM_2nz9,A:F953A,-1.53,A,HL,HL,A,5,forward
HM_2nz9,A:I917A,-0.95,A,HL,HL,A,1,forward
HM_2nz9,A:K915A,0.31,A,HL,HL,A,5,forward
HM_2nz9,A:K955A,0.5,A,HL,HL,A,5,forward
HM_2nz9,A:L919A,-0.41,A,HL,HL,A,8,forward
HM_2nz9,A:N918A,-0.3,A,HL,HL,A,2,forward
HM_2nz9,A:N957A,-0.01,A,HL,HL,A,5,forward
HM_2nz9,A:P1063A,-0.24,A,HL,HL,A,7,forward
HM_2nz9,A:R1061A,-0.58,A,HL,HL,A,3,forward
HM_2nz9,A:R1064A,-4.44,A,HL,HL,A,9,forward
HM_2nz9,A:R903A,0.02,A,HL,HL,A,3,forward
HM_2nz9,A:S954A,0.66,A,HL,HL,A,6,forward
HM_2nz9,A:T923A,-0.62,A,HL,HL,A,7,forward
HM_3bn9,H:P100H,-1.36,A,HL,HL,A,8,forward
HM_3bn9,H:Q100aV,-0.41,A,HL,HL,A,4,forward
HM_3bn9,H:S30G,-0.71,A,HL,HL,A,9,forward
HM_3bn9,H:S30N,-0.71,A,HL,HL,A,5,forward
HM_3bn9,H:T28R,0.24,A,HL,HL,A,3,forward
HM_3bn9,H:T98Q,0.16,A,HL,HL,A,0,forward
HM_3bn9,H:T98R,1.57,A,HL,HL,A,6,forward
HM_3bn9,H:Y99S,-0.54,A,HL,HL,A,4,forward
1ak4,D:A488G,2.49,A,D,A,D,8,backward
1ak4,D:A488V,0.6,A,D,A,D,0,backward
1ak4,D:A492G,0.41,A,D,A,D,7,backward
1ak4,D:A492V,0.19,A,D,A,D,7,backward
1ak4,D:G489A,1.91,A,D,A,D,0,backward
1ak4,D:G489V,2.86,A,D,A,D,6,backward
1ak4,D:H487A,0.84,A,D,A,D,2,backward
1ak4,D:H487Q,0.8,A,D,A,D,2,backward
1ak4,D:H487R,1.48,A,D,A,D,7,backward
1ak4,D:I491A,0.07,A,D,A,D,4,backward
1ak4,D:I491V,-0.17,A,D,A,D,2,backward
1ak4,D:P485A,0.92,A,D,A,D,1,backward
1ak4,D:P490A,2.0,A,D,A,D,3,backward
1ak4,D:P490V,2.86,A,D,A,D,3,backward
1ak4,D:P493A,0.51,A,D,A,D,9,backward
1ak4,D:V486A,0.82,A,D,A,D,5,backward
1bj1,V:F17A,0.0,HL,VW,HL,V,0,backward
1bj1,V:Y21A,0.0,HL,VW,HL,V,4,backward
1bj1,W:E93A,0.82,HL,VW,HL,W,8,backward
1bj1,W:G88A,2.76,HL,VW,HL,W,5,backward
1bj1,W:G92A,3.69,HL,VW,HL,W,1,backward
1bj1,W:H90A,0.0,HL,VW,HL,W,7,backward
1bj1,W:H90A,0.0,HL,VW,HL,W,2,backward
1bj1,W:I80A,0.82,HL,VW,HL,W,3,backward
1bj1,W:I83A,3.69,HL,VW,HL,W,0,backward
1bj1,W:I91A,0.41,HL,VW,HL,W,7,backward
1bj1,W:K48A,0.41,HL,VW,HL,W,5,backward
1bj1,W:K84A,0.65,HL,VW,HL,W,2,backward
1bj1,W:M81A,3.69,HL,VW,HL,W,8,backward
1bj1,W:M94A,1.42,HL,VW,HL,W,1,backward
1bj1,W:Q87A,0.0,HL,VW,HL,W,9,backward
1bj1,W:Q87A,0.0,HL,VW,HL,W,6,backward
1bj1,W:Q89A,1.75,HL,VW,HL,W,5,backward
1bj1,W:R82A,3.69,HL,VW,HL,W,4,backward
1bj1,W:Y45A,0.82,HL,VW,HL,W,7,backward
1cz8,V:F17A,0.0,HL,VW,HL,V,6,backward
1cz8,V:Y21A,0.0,HL,VW,HL,V,5,backward
1cz8,W:E93A,1.15,HL,VW,HL,W,1,backward
1cz8,W:G88A,2.67,HL,VW,HL,W,6,backward
1cz8,W:G92A,4.1,HL,VW,HL,W,9,backward
1cz8,W:H90A,0.0,HL,VW,HL,W,5,backward
1cz8,W:H90A,0.0,HL,VW,HL,W,3,backward
1cz8,W:I80A,0.95,HL,VW,HL,W,4,backward
1cz8,W:I83A,1.3,HL,VW,HL,W,2,backward
1cz8,W:I91A,1.06,HL,VW,HL,W,1,backward
1cz8,W:K48A,0.0,HL,VW,HL,W,6,backward
1cz8,W:K84A,1.36,HL,VW,HL,W,6,backward
1cz8,W:M81A,4.1,HL,VW,HL,W,4,backward
1cz8,W:M94A,1.91,HL,VW,HL,W,3,backward
1cz8,W:Q79A,0.65,HL,VW,HL,W,7,backward
1cz8,W:Q87A,0.0,HL,VW,HL,W,3,backward
1cz8,W:Q89A,1.06,HL,VW,HL,W,8,backward
1cz8,W:R82A,0.82,HL,VW,HL,W,9,backward
1cz8,W:Y45A,1.94,HL,VW,HL,W,6,backward
1dqj,C:D101A,1.3,C,HL,HL,C,1,backward
1dqj,C:K96A,6.1,C,HL,HL,C,5,backward
1dqj,C:K97A,3.5,C,HL,HL,C,8,backward
1dqj,C:L75A,1.5,C,HL,HL,C,6,backward
1dqj,C:N93A,0.6,C,HL,HL,C,3,backward
1dqj,C:R21A,1.3,C,HL,HL,C,1,backward
1dqj,C:S100A,0.8,C,HL,HL,C,9,backward
1dqj,C:T89A,0.8,C,HL,HL,C,6,backward
1dqj,C:W62A,0.8,C,HL,HL,C,6,backward
1dqj,C:W63A,1.3,C,HL,HL,C,1,backward
1dqj,C:Y20A,3.3,C,HL,HL,C,5,backward
1dqj,H:D32A,2.0,C,HL,HL,C,8,backward
1dqj,H:W98A,4.9,C,HL,HL,C,3,backward
1dqj,H:Y33A,5.5,C,HL,HL,C,2,backward
1dqj,H:Y50A,6.9,C,HL,HL,C,4,backward
1dqj,H:Y53A,1.2,C,HL,HL,C,9,backward
1dqj,L:N31A,2.0,C,HL,HL,C,7,backward
1dqj,L:N32A,4.1,C,HL,HL,C,4,backward
1dqj,L:S91A,1.4,C,HL,HL,C,2,backward
1dqj,L:Y50A,2.7,C,HL,HL,C,6,backward
1dqj,L:Y96A,1.1,C,HL,HL,C,9,backward
1dvf,A:H30A,1.67,AB,CD,BA,CD,7,backward
1dvf,A:S93A,1.17,AB,CD,BA,CD,7,backward
1dvf,A:W92A,0.34,AB,CD,BA,CD,5,backward
1dvf,A:Y32A,2.05,AB,CD,BA,CD,3,backward
1dvf,A:Y49A,1.64,AB,CD,BA,CD,2,backward
1dvf,A:Y49A,1.75,AB,CD,BA,CD,2,backward
1dvf,A:Y50A,0.69,AB,CD,BA,CD,3,backward
1dvf,B:D100A,2.82,AB,CD,BA,CD,8,backward
1dvf,B:D54A,4.32,AB,CD,BA,CD,0,backward
1dvf,B:D58A,1.62,AB,CD,BA,CD,4,backward
1dvf,B:E98A,4.23,AB,CD,BA,CD,8,backward
1dvf,B:N56A,1.17,AB,CD,BA,CD,0,backward
1dvf,B:R99A,1.89,AB,CD,BA,CD,7,backward
1dvf,B:T30A,0.92,AB,CD,BA,CD,4,backward
1dvf,B:W52A,4.17,AB,CD,BA,CD,9,backward
1dvf,B:Y101F,2.03,AB,CD,BA,CD,8,backward
1dvf,B:Y32A,1.85,AB,CD,BA,CD,6,backward
1dvf,C:Y49A,1.88,AB,CD,BA,CD,1,backward
1dvf,D:D52A,1.7,AB,CD,BA,CD,6,backward
1dvf,D:H33A,1.88,AB,CD,BA,CD,9,backward
1dvf,D:I101A,2.71,AB,CD,BA,CD,2,backward
1dvf,D:K30A,1.01,AB,CD,BA,CD,5,backward
1dvf,D:N55A,1.88,AB,CD,BA,CD,3,backward
1dvf,D:Q104A,1.64,AB,CD,BA,CD,5,backward
1dvf,D:R106A,4.13,AB,CD,BA,CD,0,backward
1dvf,D:Y102A,4.79,AB,CD,BA,CD,6,backward
1ffw,A:A90V,0.09,A,B,A,B,0,backward
1ffw,A:D13K,0.05,A,B,A,B,2,backward
1ffw,A:E117K,0.71,A,B,A,B,5,backward
1ffw,A:E93K,0.82,A,B,A,B,8,backward
1ffw,A:F111V,1.26,A,B,A,B,7,backward
1ffw,A:T112I,0.56,A,B,A,B,2,backward
1ffw,A:T87I,-0.32,A,B,A,B,3,backward
1ffw,A:V108M,1.13,A,B,A,B,3,backward
1ffw,A:Y106W,0.71,A,B,A,B,4,backward
1jrh,I:E45Q,0.11,HL,I,HL,I,9,backward
1jrh,I:T14V,-0.02,HL,I,HL,I,9,backward
1jtg,A:K234A,0.82,A,B,A,B,2,backward
1jtg,A:R243A,0.56,A,B,A,B,1,backward
1jtg,A:S130A,0.5,A,B,A,B,1,backward
1jtg,A:S235A,1.32,A,B,A,B,3,backward
1jtg,B:D49A,1.98,A,B,A,B,0,backward
1ktz,B:D118A,0.9,A,B,A,B,2,backward
1ktz,B:D32A,1.4,A,B,A,B,9,backward
1ktz,B:D32N,1.7,A,B,A,B,2,backward
1ktz,B:E119A,1.4,A,B,A,B,8,backward
1ktz,B:E119Q,1.7,A,B,A,B,3,backward
1ktz,B:E55A,1.3,A,B,A,B,8,backward
1ktz,B:E75A,1.0,A,B,A,B,4,backward
1ktz,B:F110A,0.9,A,B,A,B,0,backward
1ktz,B:F30A,2.9,A,B,A,B,9,backward
1ktz,B:H79A,0.4,A,B,A,B,0,backward
1ktz,B:I125A,0.5,A,B,A,B,3,backward
1ktz,B:I50A,1.9,A,B,A,B,1,backward
1ktz,B:I53A,1.2,A,B,A,B,9,backward
1ktz,B:L27A,1.9,A,B,A,B,1,backward
1ktz,B:M112A,0.8,A,B,A,B,7,backward
1ktz,B:N47A,0.3,A,B,A,B,9,backward
1ktz,B:S49A,0.5,A,B,A,B,9,backward
1ktz,B:S52A,0.4,A,B,A,B,9,backward
1ktz,B:S52L,3.7,A,B,A,B,3,backward
1ktz,B:T51A,1.3,A,B,A,B,7,backward
1ktz,B:V62A,0.7,A,B,A,B,9,backward
1ktz,B:V77A,0.5,A,B,A,B,4,backward
1mhp,H:F99W,0.0,A,HL,HL,A,0,backward
1mhp,H:F99Y,0.76,A,HL,HL,A,0,backward
1mhp,H:G100F,0.57,A,HL,HL,A,7,backward
1mhp,H:G100I,8.0,A,HL,HL,A,5,backward
1mhp,H:G100L,2.73,A,HL,HL,A,7,backward
1mhp,H:G100M,0.1,A,HL,HL,A,5,backward
1mhp,H:G100S,0.56,A,HL,HL,A,1,backward
1mhp,H:G100V,8.0,A,HL,HL,A,9,backward
1mhp,H:G102S,8.0,A,HL,HL,A,0,backward
1mhp,H:G53A,0.51,A,HL,HL,A,0,backward
1mhp,H:G53N,1.26,A,HL,HL,A,0,backward
1mhp,H:G53Q,8.0,A,HL,HL,A,2,backward
1mhp,H:G53S,0.68,A,HL,HL,A,1,backward
1mhp,H:G53W,8.0,A,HL,HL,A,9,backward
1mhp,H:G54I,1.36,A,HL,HL,A,6,backward
1mhp,H:G54M,8.0,A,HL,HL,A,3,backward
1mhp,H:G54N,8.0,A,HL,HL,A,7,backward
1mhp,H:G54T,1.17,A,HL,HL,A,3,backward
1mhp,H:G54Y,0.0,A,HL,HL,A,9,backward
1mhp,H:H56Y,8.0,A,HL,HL,A,8,backward
1mhp,H:K64D,-0.12,A,HL,HL,A,8,backward
1mhp,H:K64E,-0.16,A,HL,HL,A,2,backward
1mhp,H:K64N,-0.07,A,HL,HL,A,9,backward
1mhp,H:K64Q,-0.16,A,HL,HL,A,8,backward
1mhp,H:L60D,-0.12,A,HL,HL,A,0,backward
1mhp,H:R31Q,1.31,A,HL,HL,A,8,backward
1mhp,H:S35A,1.58,A,HL,HL,A,6,backward
1mhp,H:S35Q,2.73,A,HL,HL,A,1,backward
1mhp,H:S35V,8.0,A,HL,HL,A,8,backward
1mhp,H:S52M,2.08,A,HL,HL,A,3,backward
1mhp,H:S52T,8.0,A,HL,HL,A,0,backward
1mhp,H:T33N,2.73,A,HL,HL,A,1,backward
1mhp,H:T50Q,8.0,A,HL,HL,A,9,backward
1mhp,H:T33V,0.43,A,HL,HL,A,3,backward
1mhp,H:T50E,8.0,A,HL,HL,A,4,backward
1mhp,H:T50Q,8.0,A,HL,HL,A,7,backward
1mhp,H:T50V,-0.26,A,HL,HL,A,7,backward
1mhp,H:Y58E,2.08,A,HL,HL,A,8,backward
1mhp,H:Y58Q,2.08,A,HL,HL,A,1,backward
1mhp,H:Y58W,0.82,A,HL,HL,A,7,backward
1mhp,H:Y59E,0.54,A,HL,HL,A,4,backward
1mhp,L:G92Q,1.58,A,HL,HL,A,2,backward
1mhp,L:G92S,0.51,A,HL,HL,A,7,backward
1mhp,L:H31K,1.17,A,HL,HL,A,1,backward
1mhp,L:H31R,1.12,A,HL,HL,A,1,backward
1mhp,L:H31W,1.26,A,HL,HL,A,2,backward
1mhp,L:L49F,0.71,A,HL,HL,A,0,backward
1mhp,L:L49K,0.93,A,HL,HL,A,6,backward
1mhp,L:L49W,1.91,A,HL,HL,A,7,backward
1mhp,L:L49Y,8.0,A,HL,HL,A,0,backward
1mhp,L:N30K,8.0,A,HL,HL,A,0,backward
1mhp,L:N30V,1.05,A,HL,HL,A,9,backward
1mhp,L:N30W,1.58,A,HL,HL,A,6,backward
1mhp,L:N30Y,1.91,A,HL,HL,A,6,backward
1mhp,L:N52D,0.5,A,HL,HL,A,7,backward
1mhp,L:N52E,-0.18,A,HL,HL,A,2,backward
1mhp,L:N52K,0.66,A,HL,HL,A,5,backward
1mhp,L:N52R,0.85,A,HL,HL,A,4,backward
1mhp,L:N52Y,-0.1,A,HL,HL,A,6,backward
1mhp,L:N93D,8.0,A,HL,HL,A,8,backward
1mhp,L:S24R,-0.07,A,HL,HL,A,6,backward
1mhp,L:S28Q,-0.67,A,HL,HL,A,9,backward
1mhp,L:S91K,8.0,A,HL,HL,A,5,backward
1mhp,L:S91Q,1.78,A,HL,HL,A,7,backward
1mhp,L:S91R,2.73,A,HL,HL,A,4,backward
1mhp,L:S91T,2.32,A,HL,HL,A,9,backward
1mhp,L:S91W,8.0,A,HL,HL,A,9,backward
1mhp,L:W90Q,2.08,A,HL,HL,A,7,backward
1mlc,H:K65D,0.02,E,HL,HL,E,6,backward
1mlc,H:S57A,-0.38,E,HL,HL,E,1,backward
1mlc,H:S57V,-0.49,E,HL,HL,E,7,backward
1mlc,H:T28D,-0.15,E,HL,HL,E,7,backward
1mlc,H:T31A,0.45,E,HL,HL,E,5,backward
1mlc,H:T31V,0.53,E,HL,HL,E,4,backward
1mlc,H:T31W,0.13,E,HL,HL,E,3,backward
1mlc,H:T58D,-0.56,E,HL,HL,E,8,backward
1mlc,L:N32G,-0.85,E,HL,HL,E,8,backward
1mlc,L:N32Y,0.0,E,HL,HL,E,2,backward
1mlc,L:N92A,-1.25,E,HL,HL,E,5,backward
1n8z,H:D31A,0.25,C,HL,HL,C,3,backward
1n8z,H:D98A,1.21,C,HL,HL,C,2,backward
1n8z,H:D98W,-0.69,C,HL,HL,C,8,backward
1n8z,H:F100A,1.17,C,HL,HL,C,2,backward
1n8z,H:K30A,0.61,C,HL,HL,C,3,backward
1n8z,H:N54A,-0.15,C,HL,HL,C,9,backward
1n8z,H:R50A,8.0,C,HL,HL,C,0,backward
1n8z,H:T32A,0.38,C,HL,HL,C,4,backward
1n8z,H:T53A,0.78,C,HL,HL,C,1,backward
1n8z,H:W95A,8.0,C,HL,HL,C,9,backward
1n8z,H:Y100aA,8.0,C,HL,HL,C,7,backward
1n8z,H:Y100aF,-0.05,C,HL,HL,C,5,backward
1n8z,H:Y100aF,0.82,C,HL,HL,C,4,backward
1n8z,H:Y102V,0.22,C,HL,HL,C,8,backward
1n8z,H:Y33A,-0.09,C,HL,HL,C,1,backward
1n8z,H:Y52A,0.23,C,HL,HL,C,6,backward
1n8z,H:Y56A,0.87,C,HL,HL,C,4,backward
1n8z,L:D28N,-0.28,C,HL,HL,C,5,backward
1n8z,L:F53N,1.21,C,HL,HL,C,2,backward
1n8z,L:H91A,8.0,C,HL,HL,C,9,backward
1n8z,L:H91F,-0.43,C,HL,HL,C,4,backward
1n8z,L:H91F,0.03,C,HL,HL,C,1,backward
1n8z,L:N30A,1.12,C,HL,HL,C,8,backward
1n8z,L:N30S,0.06,C,HL,HL,C,8,backward
1n8z,L:R66G,0.22,C,HL,HL,C,6,backward
1n8z,L:S50A,-0.07,C,HL,HL,C,9,backward
1n8z,L:S52A,-0.31,C,HL,HL,C,8,backward
1n8z,L:T31A,0.8,C,HL,HL,C,7,backward
1n8z,L:T93A,0.82,C,HL,HL,C,6,backward
1n8z,L:T94A,-0.12,C,HL,HL,C,5,backward
1n8z,L:T94S,0.31,C,HL,HL,C,4,backward
1n8z,L:Y49A,1.05,C,HL,HL,C,8,backward
1n8z,L:Y92A,1.36,C,HL,HL,C,1,backward
1n8z,L:Y92F,-0.21,C,HL,HL,C,7,backward
1vfb,C:D119A,1.0,C,HL,HL,C,4,backward
1vfb,C:D18A,0.3,C,HL,HL,C,1,backward
1vfb,C:I124A,1.2,C,HL,HL,C,1,backward
1vfb,C:K116A,0.7,C,HL,HL,C,1,backward
1vfb,C:L129A,0.2,C,HL,HL,C,2,backward
1vfb,C:N19A,0.3,C,HL,HL,C,6,backward
1vfb,C:Q121A,2.9,C,HL,HL,C,7,backward
1vfb,C:R125A,1.8,C,HL,HL,C,0,backward
1vfb,C:S24A,0.8,C,HL,HL,C,1,backward
1vfb,C:T118A,0.8,C,HL,HL,C,0,backward
1vfb,C:V120A,0.9,C,HL,HL,C,0,backward
1vfb,C:Y23A,0.4,C,HL,HL,C,9,backward
1vfb,H:D100A,2.9,C,HL,HL,C,9,backward
1vfb,H:D54A,1.0,C,HL,HL,C,9,backward
1vfb,H:D58E,0.08,C,HL,HL,C,3,backward
1vfb,H:D58N,-0.13,C,HL,HL,C,1,backward
1vfb,H:G31A,0.3,C,HL,HL,C,5,backward
1vfb,H:G31E,-0.51,C,HL,HL,C,2,backward
1vfb,H:G31W,0.01,C,HL,HL,C,4,backward
1vfb,H:R99W,0.71,C,HL,HL,C,1,backward
1vfb,H:R99Y,1.26,C,HL,HL,C,9,backward
1vfb,H:S28D,0.0,C,HL,HL,C,2,backward
1vfb,H:S28E,-0.1,C,HL,HL,C,8,backward
1vfb,H:S28N,0.15,C,HL,HL,C,3,backward
1vfb,H:S28Q,0.08,C,HL,HL,C,1,backward
1vfb,H:W52A,0.9,C,HL,HL,C,2,backward
1vfb,H:Y101A,4.0,C,HL,HL,C,2,backward
1vfb,H:Y101F,1.6,C,HL,HL,C,5,backward
1vfb,H:Y32A,1.1,C,HL,HL,C,8,backward
1vfb,H:Y32E,1.91,C,HL,HL,C,3,backward
1vfb,L:L46D,8.0,C,HL,HL,C,6,backward
1vfb,L:L46E,8.0,C,HL,HL,C,8,backward
1vfb,L:N31W,0.17,C,HL,HL,C,4,backward
1vfb,L:T52F,0.47,C,HL,HL,C,0,backward
1vfb,L:T53R,1.67,C,HL,HL,C,9,backward
1vfb,L:W92A,3.3,C,HL,HL,C,7,backward
1vfb,L:Y32A,1.7,C,HL,HL,C,3,backward
1vfb,L:Y32W,8.0,C,HL,HL,C,6,backward
1vfb,L:Y50A,0.5,C,HL,HL,C,1,backward
1vfb,L:Y50K,1.67,C,HL,HL,C,5,backward
1vfb,L:Y50R,0.85,C,HL,HL,C,0,backward
1yy9,H:N56A,-0.06,A,HL,HL,A,3,backward
1yy9,H:T61E,-0.06,A,HL,HL,A,7,backward
1yy9,L:N93A,-0.74,A,HL,HL,A,0,backward
1yy9,L:S26D,-0.2,A,HL,HL,A,7,backward
1yy9,L:T31E,-0.52,A,HL,HL,A,2,backward
2jel,P:A82S,0.0,HL,P,HL,P,5,backward
2jel,P:D69E,0.96,HL,P,HL,P,3,backward
2jel,P:E5D,0.41,HL,P,HL,P,7,backward
2jel,P:E5Q,0.72,HL,P,HL,P,0,backward
2jel,P:E70K,4.13,HL,P,HL,P,0,backward
2jel,P:E68A,0.41,HL,P,HL,P,5,backward
2jel,P:E70A,2.75,HL,P,HL,P,8,backward
2jel,P:E70K,4.13,HL,P,HL,P,3,backward
2jel,P:E75R,2.75,HL,P,HL,P,7,backward
2jel,P:E85A,0.0,HL,P,HL,P,8,backward
2jel,P:E85A,0.0,HL,P,HL,P,6,backward
2jel,P:E85D,0.0,HL,P,HL,P,9,backward
2jel,P:E85K,0.0,HL,P,HL,P,3,backward
2jel,P:E85Q,0.0,HL,P,HL,P,8,backward
2jel,P:F2W,2.64,HL,P,HL,P,1,backward
2jel,P:F2Y,0.0,HL,P,HL,P,6,backward
2jel,P:H76A,-0.41,HL,P,HL,P,2,backward
2jel,P:H76D,-0.66,HL,P,HL,P,0,backward
2jel,P:K27E,0.0,HL,P,HL,P,5,backward
2jel,P:K27E,0.0,HL,P,HL,P,3,backward
2jel,P:K79E,0.41,HL,P,HL,P,5,backward
2jel,P:K72R,0.0,HL,P,HL,P,9,backward
2jel,P:K79E,0.41,HL,P,HL,P,0,backward
2jel,P:N12D,0.0,HL,P,HL,P,3,backward
2jel,P:N38T,0.0,HL,P,HL,P,8,backward
2jel,P:P11E,0.0,HL,P,HL,P,7,backward
2jel,P:Q3K,4.13,HL,P,HL,P,0,backward
2jel,P:Q4K,1.38,HL,P,HL,P,4,backward
2jel,P:Q57E,-0.41,HL,P,HL,P,1,backward
2jel,P:Q71E,2.75,HL,P,HL,P,9,backward
2jel,P:R17G,0.0,HL,P,HL,P,9,backward
2jel,P:R17K,0.0,HL,P,HL,P,3,backward
2jel,P:S41C,1.51,HL,P,HL,P,4,backward
2jel,P:S46C,0.0,HL,P,HL,P,9,backward
2jel,P:S46C,0.0,HL,P,HL,P,4,backward
2jel,P:S64T,4.13,HL,P,HL,P,8,backward
2jel,P:T34Q,0.0,HL,P,HL,P,6,backward
2jel,P:T36Q,0.41,HL,P,HL,P,6,backward
2jel,P:T62A,0.0,HL,P,HL,P,1,backward
2jel,P:T62N,0.0,HL,P,HL,P,1,backward
2jel,P:T7N,0.41,HL,P,HL,P,5,backward
2jel,P:T7S,0.0,HL,P,HL,P,1,backward
2jel,P:V6F,0.0,HL,P,HL,P,7,backward
2nyy,A:D1058A,0.01,A,HL,HL,A,3,backward
2nyy,A:D1062A,2.53,A,HL,HL,A,7,backward
2nyy,A:E920A,2.84,A,HL,HL,A,2,backward
2nyy,A:F917A,0.42,A,HL,HL,A,5,backward
2nyy,A:F953A,4.06,A,HL,HL,A,4,backward
2nyy,A:H1064A,7.32,A,HL,HL,A,2,backward
2nyy,A:I956A,-0.01,A,HL,HL,A,5,backward
2nyy,A:K1056A,-0.03,A,HL,HL,A,6,backward
2nyy,A:K903A,0.29,A,HL,HL,A,7,backward
2nyy,A:K923A,-0.14,A,HL,HL,A,4,backward
2nyy,A:L919A,2.59,A,HL,HL,A,2,backward
2nyy,A:N918A,0.89,A,HL,HL,A,7,backward
2nyy,A:N954A,0.1,A,HL,HL,A,0,backward
2nyy,A:Q915A,0.52,A,HL,HL,A,3,backward
2nyy,A:R1061A,0.82,A,HL,HL,A,1,backward
2nyy,A:R1294A,0.3,A,HL,HL,A,2,backward
2nyy,A:S902A,-0.23,A,HL,HL,A,0,backward
2nyy,A:S955A,0.0,A,HL,HL,A,6,backward
2nyy,A:T1063A,1.62,A,HL,HL,A,8,backward
2nyy,H:K30R,0.07,A,HL,HL,A,0,backward
2nyy,H:M34Q,-0.06,A,HL,HL,A,5,backward
2nyy,H:Y31D,0.07,A,HL,HL,A,8,backward
2nyy,H:Y31Q,0.13,A,HL,HL,A,6,backward
2nyy,H:Y57Q,0.52,A,HL,HL,A,6,backward
2nyy,L:D30Y,0.65,A,HL,HL,A,5,backward
2nyy,L:H34R,0.1,A,HL,HL,A,0,backward
2nyy,L:S28Q,0.42,A,HL,HL,A,7,backward
2nyy,L:S31N,-0.36,A,HL,HL,A,6,backward
2nz9,A:D1058A,-0.03,A,HL,HL,A,3,backward
2nz9,A:D1062A,2.34,A,HL,HL,A,1,backward
2nz9,A:E920A,2.77,A,HL,HL,A,6,backward
2nz9,A:F917A,-0.05,A,HL,HL,A,3,backward
2nz9,A:F953A,3.34,A,HL,HL,A,2,backward
2nz9,A:H1064A,7.42,A,HL,HL,A,0,backward
2nz9,A:I956A,0.07,A,HL,HL,A,8,backward
2nz9,A:K1056A,-0.01,A,HL,HL,A,5,backward
2nz9,A:K903A,0.54,A,HL,HL,A,8,backward
2nz9,A:K923A,-0.3,A,HL,HL,A,3,backward
2nz9,A:L919A,2.28,A,HL,HL,A,0,backward
2nz9,A:N918A,2.16,A,HL,HL,A,1,backward
2nz9,A:N954A,-0.15,A,HL,HL,A,4,backward
2nz9,A:Q915A,0.1,A,HL,HL,A,7,backward
2nz9,A:R1061A,0.29,A,HL,HL,A,5,backward
2nz9,A:R1294A,0.39,A,HL,HL,A,0,backward
2nz9,A:S902A,-0.12,A,HL,HL,A,1,backward
2nz9,A:S955A,-0.08,A,HL,HL,A,0,backward
2nz9,A:T1063A,2.37,A,HL,HL,A,6,backward
3bdy,H:D31A,0.2,HL,V,HL,V,9,backward
3bdy,H:D98A,0.0,HL,V,HL,V,7,backward
3bdy,H:F100A,0.7,HL,V,HL,V,8,backward
3bdy,H:G96A,0.2,HL,V,HL,V,6,backward
3bdy,H:G97A,-0.1,HL,V,HL,V,5,backward
3bdy,H:G99A,0.8,HL,V,HL,V,7,backward
3bdy,H:K30A,0.2,HL,V,HL,V,7,backward
3bdy,H:N54A,-0.2,HL,V,HL,V,7,backward
3bdy,H:R50A,-0.3,HL,V,HL,V,5,backward
3bdy,H:R58A,-0.2,HL,V,HL,V,3,backward
3bdy,H:T32A,-0.4,HL,V,HL,V,8,backward
3bdy,H:T53A,-0.5,HL,V,HL,V,7,backward
3bdy,H:W95A,2.0,HL,V,HL,V,6,backward
3bdy,H:Y100aA,0.5,HL,V,HL,V,5,backward
3bdy,H:Y33A,0.3,HL,V,HL,V,7,backward
3bdy,H:Y52A,0.4,HL,V,HL,V,3,backward
3bdy,H:Y56A,0.2,HL,V,HL,V,2,backward
3bdy,L:D27aA,0.0,HL,V,HL,V,6,backward
3bdy,L:G31A,1.2,HL,V,HL,V,3,backward
3bdy,L:G51A,1.0,HL,V,HL,V,2,backward
3bdy,L:H91A,2.0,HL,V,HL,V,8,backward
3bdy,L:I27bA,1.1,HL,V,HL,V,1,backward
3bdy,L:I29A,0.8,HL,V,HL,V,4,backward
3bdy,L:P27cA,0.2,HL,V,HL,V,6,backward
3bdy,L:R27dA,-0.2,HL,V,HL,V,0,backward
3bdy,L:S28A,1.0,HL,V,HL,V,5,backward
3bdy,L:S30A,1.3,HL,V,HL,V,0,backward
3bdy,L:S52A,0.1,HL,V,HL,V,9,backward
3bdy,L:T93A,-0.3,HL,V,HL,V,0,backward
3bdy,L:T94A,0.0,HL,V,HL,V,2,backward
3bdy,L:W50A,1.3,HL,V,HL,V,5,backward
3bdy,L:Y32A,1.7,HL,V,HL,V,4,backward
3bdy,L:Y53A,0.7,HL,V,HL,V,9,backward
3bdy,L:Y92A,1.4,HL,V,HL,V,9,backward
3be1,H:D31A,0.4,A,HL,HL,A,9,backward
3be1,H:D98A,-0.1,A,HL,HL,A,8,backward
3be1,H:F100A,1.9,A,HL,HL,A,0,backward
3be1,H:G96A,0.1,A,HL,HL,A,6,backward
3be1,H:G97A,0.3,A,HL,HL,A,9,backward
3be1,H:G99A,1.8,A,HL,HL,A,1,backward
3be1,H:K30A,-0.3,A,HL,HL,A,8,backward
3be1,H:N54A,-0.8,A,HL,HL,A,2,backward
3be1,H:R50A,2.4,A,HL,HL,A,0,backward
3be1,H:R58A,2.5,A,HL,HL,A,8,backward
3be1,H:T32A,-0.4,A,HL,HL,A,9,backward
3be1,H:T53A,0.1,A,HL,HL,A,6,backward
3be1,H:W95A,1.8,A,HL,HL,A,7,backward
3be1,H:Y100aA,1.2,A,HL,HL,A,1,backward
3be1,H:Y33A,2.4,A,HL,HL,A,3,backward
3be1,H:Y52A,-0.8,A,HL,HL,A,9,backward
3be1,H:Y56A,1.8,A,HL,HL,A,6,backward
3be1,L:D27aA,0.0,A,HL,HL,A,2,backward
3be1,L:G31A,0.3,A,HL,HL,A,8,backward
3be1,L:G51A,-0.3,A,HL,HL,A,6,backward
3be1,L:H91A,0.9,A,HL,HL,A,3,backward
3be1,L:I27bA,-0.2,A,HL,HL,A,4,backward
3be1,L:I29A,0.9,A,HL,HL,A,4,backward
3be1,L:P27cA,0.1,A,HL,HL,A,5,backward
3be1,L:R27dA,-0.2,A,HL,HL,A,5,backward
3be1,L:S52A,0.3,A,HL,HL,A,4,backward
3be1,L:S30A,-0.2,A,HL,HL,A,6,backward
3be1,L:S52A,0.3,A,HL,HL,A,9,backward
3be1,L:T93A,-0.4,A,HL,HL,A,1,backward
3be1,L:T94A,1.4,A,HL,HL,A,3,backward
3be1,L:W50A,1.4,A,HL,HL,A,2,backward
3be1,L:Y32A,-0.8,A,HL,HL,A,6,backward
3be1,L:Y53A,0.9,A,HL,HL,A,4,backward
3be1,L:Y92A,0.5,A,HL,HL,A,7,backward
3bn9,A:D217A,0.57,A,HL,HL,A,0,backward
3bn9,A:D60aA,0.42,A,HL,HL,A,7,backward
3bn9,A:D60bA,0.31,A,HL,HL,A,7,backward
3bn9,A:D96A,6.7,A,HL,HL,A,9,backward
3bn9,A:E169A,0.37,A,HL,HL,A,6,backward
3bn9,A:F60eA,-0.05,A,HL,HL,A,9,backward
3bn9,A:F94A,0.64,A,HL,HL,A,3,backward
3bn9,A:F97A,6.7,A,HL,HL,A,6,backward
3bn9,A:H143A,0.09,A,HL,HL,A,6,backward
3bn9,A:I41A,0.0,A,HL,HL,A,5,backward
3bn9,A:I60A,0.84,A,HL,HL,A,2,backward
3bn9,A:K224A,0.79,A,HL,HL,A,3,backward
3bn9,A:L153A,0.34,A,HL,HL,A,8,backward
3bn9,A:N95A,0.77,A,HL,HL,A,4,backward
3bn9,A:Q145A,0.13,A,HL,HL,A,6,backward
3bn9,A:Q174A,-0.03,A,HL,HL,A,7,backward
3bn9,A:Q175A,2.51,A,HL,HL,A,0,backward
3bn9,A:Q221aA,0.71,A,HL,HL,A,6,backward
3bn9,A:Q38A,-0.42,A,HL,HL,A,9,backward
3bn9,A:R222A,-0.09,A,HL,HL,A,3,backward
3bn9,A:R60cA,-0.05,A,HL,HL,A,5,backward
3bn9,A:R60fA,-0.07,A,HL,HL,A,2,backward
3bn9,A:R87A,-0.16,A,HL,HL,A,5,backward
3bn9,A:T150A,0.29,A,HL,HL,A,0,backward
3bn9,A:T98A,1.13,A,HL,HL,A,7,backward
3bn9,A:Y146A,1.09,A,HL,HL,A,8,backward
3bn9,A:Y60gA,0.02,A,HL,HL,A,1,backward
3bn9,H:P100H,8.0,A,HL,HL,A,2,backward
3bn9,H:Q100aV,1.36,A,HL,HL,A,4,backward
3bn9,H:S30G,1.36,A,HL,HL,A,0,backward
3bn9,H:S30N,1.36,A,HL,HL,A,2,backward
3bn9,H:T28R,0.3,A,HL,HL,A,0,backward
3bn9,H:T98Q,0.0,A,HL,HL,A,1,backward
3bn9,H:T98R,-0.06,A,HL,HL,A,8,backward
3bn9,H:Y99S,0.41,A,HL,HL,A,5,backward
3hfm,H:C95A,5.52,HL,Y,HL,Y,2,backward
3hfm,H:C95F,3.25,HL,Y,HL,Y,0,backward
3hfm,H:D32A,1.9,HL,Y,HL,Y,2,backward
3hfm,H:D32N,0.17,HL,Y,HL,Y,2,backward
3hfm,H:S31A,0.17,HL,Y,HL,Y,6,backward
3hfm,H:Y33A,6.0,HL,Y,HL,Y,2,backward
3hfm,H:Y50A,8.0,HL,Y,HL,Y,5,backward
3hfm,L:N31A,5.22,HL,Y,HL,Y,9,backward
3hfm,L:N31D,1.34,HL,Y,HL,Y,7,backward
3hfm,L:N31E,5.67,HL,Y,HL,Y,1,backward
3hfm,L:N32A,5.11,HL,Y,HL,Y,3,backward
3hfm,L:Q53A,0.95,HL,Y,HL,Y,7,backward
3hfm,L:Y50A,4.57,HL,Y,HL,Y,7,backward
3hfm,L:Y50F,2.36,HL,Y,HL,Y,0,backward
3hfm,L:Y50L,4.4,HL,Y,HL,Y,8,backward
3hfm,L:Y96A,2.71,HL,Y,HL,Y,4,backward
3hfm,L:Y96F,1.4,HL,Y,HL,Y,9,backward
3hfm,Y:K96A,6.83,HL,Y,HL,Y,4,backward
3hfm,Y:K97A,6.18,HL,Y,HL,Y,6,backward
3hfm,Y:K97M,1.09,HL,Y,HL,Y,9,backward
3hfm,Y:R21A,1.03,HL,Y,HL,Y,7,backward
3hfm,Y:Y20A,4.87,HL,Y,HL,Y,8,backward
3k2m,D:E52A,2.5,A,D,A,D,6,backward
3k2m,D:M88A,4.0,A,D,A,D,3,backward
3k2m,D:R38A,2.5,A,D,A,D,2,backward
3k2m,D:W80A,4.0,A,D,A,D,6,backward
3k2m,D:Y35A,1.0,A,D,A,D,3,backward
3k2m,D:Y36A,3.7,A,D,A,D,4,backward
3k2m,D:Y87A,4.0,A,D,A,D,2,backward
3ngb,H:A56G,-0.06,G,HL,HL,G,8,backward
3ngb,H:G54S,0.73,G,HL,HL,G,0,backward
3ngb,H:I30T,0.08,G,HL,HL,G,9,backward
3ngb,H:K52N,0.18,G,HL,HL,G,8,backward
3ngb,H:P62K,0.23,G,HL,HL,G,3,backward
3ngb,H:R53N,0.05,G,HL,HL,G,5,backward
3ngb,H:R61Q,0.1,G,HL,HL,G,9,backward
3ngb,H:T33Y,0.08,G,HL,HL,G,9,backward
3ngb,H:V57T,0.14,G,HL,HL,G,4,backward
3ngb,H:V73T,0.16,G,HL,HL,G,0,backward
3ngb,H:Y74S,0.33,G,HL,HL,G,2,backward
3nps,A:D214A,1.48,A,BC,BC,A,0,backward
3nps,A:D46A,0.34,A,BC,BC,A,7,backward
3nps,A:D47A,1.08,A,BC,BC,A,7,backward
3nps,A:D91A,1.52,A,BC,BC,A,4,backward
3nps,A:E163A,0.62,A,BC,BC,A,8,backward
3nps,A:F50A,0.22,A,BC,BC,A,1,backward
3nps,A:F89A,1.61,A,BC,BC,A,7,backward
3nps,A:F92A,0.47,A,BC,BC,A,5,backward
3nps,A:H138A,1.89,A,BC,BC,A,3,backward
3nps,A:I26A,0.65,A,BC,BC,A,3,backward
3nps,A:I45A,-0.34,A,BC,BC,A,1,backward
3nps,A:K221A,-0.1,A,BC,BC,A,2,backward
3nps,A:L147A,0.3,A,BC,BC,A,1,backward
3nps,A:N90A,0.26,A,BC,BC,A,0,backward
3nps,A:Q140A,0.3,A,BC,BC,A,0,backward
3nps,A:Q168A,-0.06,A,BC,BC,A,4,backward
3nps,A:Q169A,0.75,A,BC,BC,A,8,backward
3nps,A:Q218A,-0.04,A,BC,BC,A,4,backward
3nps,A:Q23A,0.03,A,BC,BC,A,1,backward
3nps,A:R219A,-0.08,A,BC,BC,A,8,backward
3nps,A:R48A,-1.07,A,BC,BC,A,3,backward
3nps,A:R51A,0.14,A,BC,BC,A,3,backward
3nps,A:R82A,-0.15,A,BC,BC,A,0,backward
3nps,A:T144A,0.18,A,BC,BC,A,5,backward
3nps,A:T93A,0.73,A,BC,BC,A,7,backward
3nps,A:Y141A,1.79,A,BC,BC,A,9,backward
3nps,A:Y52A,0.46,A,BC,BC,A,3,backward
HM_1ktz,B:D118A,0.8,A,B,A,B,5,backward
HM_1ktz,B:D32A,1.5,A,B,A,B,9,backward
HM_1ktz,B:D32N,2.0,A,B,A,B,7,backward
HM_1ktz,B:E119A,1.5,A,B,A,B,0,backward
HM_1ktz,B:E119Q,1.6,A,B,A,B,9,backward
HM_1ktz,B:E55A,1.2,A,B,A,B,3,backward
HM_1ktz,B:E75A,1.1,A,B,A,B,9,backward
HM_1ktz,B:F110A,0.9,A,B,A,B,8,backward
HM_1ktz,B:F30A,3.0,A,B,A,B,4,backward
HM_1ktz,B:H79A,0.3,A,B,A,B,2,backward
HM_1ktz,B:I125A,0.5,A,B,A,B,0,backward
HM_1ktz,B:I50A,1.9,A,B,A,B,3,backward
HM_1ktz,B:I53A,1.4,A,B,A,B,5,backward
HM_1ktz,B:L27A,1.8,A,B,A,B,9,backward
HM_1ktz,B:M112A,0.9,A,B,A,B,1,backward
HM_1ktz,B:N47A,0.3,A,B,A,B,7,backward
HM_1ktz,B:S49A,0.3,A,B,A,B,7,backward
HM_1ktz,B:S52A,0.2,A,B,A,B,1,backward
HM_1ktz,B:S52L,4.0,A,B,A,B,0,backward
HM_1ktz,B:T51A,1.5,A,B,A,B,2,backward
HM_1ktz,B:V62A,0.7,A,B,A,B,8,backward
HM_1ktz,B:V77A,0.4,A,B,A,B,3,backward
HM_1yy9,H:A98W,-0.23,A,HL,HL,A,1,backward
HM_1yy9,H:G33D,-0.89,A,HL,HL,A,8,backward
HM_1yy9,H:I51G,-0.51,A,HL,HL,A,0,backward
HM_1yy9,H:R97D,-0.99,A,HL,HL,A,2,backward
HM_1yy9,H:T100Y,-0.45,A,HL,HL,A,8,backward
HM_1yy9,H:T57G,-0.46,A,HL,HL,A,5,backward
HM_1yy9,H:T57P,-0.48,A,HL,HL,A,8,backward
HM_1yy9,H:V50L,-0.6,A,HL,HL,A,1,backward
HM_1yy9,H:V50Q,-0.64,A,HL,HL,A,2,backward
HM_1yy9,H:Y32R,-0.13,A,HL,HL,A,0,backward
HM_1yy9,L:A25V,-0.62,A,HL,HL,A,1,backward
HM_1yy9,L:G30Y,-0.92,A,HL,HL,A,2,backward
HM_1yy9,L:Q27Y,-0.83,A,HL,HL,A,3,backward
HM_1yy9,L:T97C,-0.51,A,HL,HL,A,2,backward
HM_1yy9,L:T97D,-0.66,A,HL,HL,A,0,backward
HM_1yy9,L:T97S,-0.7,A,HL,HL,A,3,backward
HM_2nyy,A:D1062A,-0.14,A,HL,HL,A,3,backward
HM_2nyy,A:D902A,-0.49,A,HL,HL,A,6,backward
HM_2nyy,A:E920A,0.5,A,HL,HL,A,9,backward
HM_2nyy,A:F953A,1.53,A,HL,HL,A,8,backward
HM_2nyy,A:I917A,0.95,A,HL,HL,A,4,backward
HM_2nyy,A:K915A,-0.31,A,HL,HL,A,6,backward
HM_2nyy,A:K955A,-0.5,A,HL,HL,A,7,backward
HM_2nyy,A:L919A,0.41,A,HL,HL,A,2,backward
HM_2nyy,A:N918A,0.3,A,HL,HL,A,3,backward
HM_2nyy,A:N957A,0.01,A,HL,HL,A,4,backward
HM_2nyy,A:P1063A,0.24,A,HL,HL,A,2,backward
HM_2nyy,A:R1061A,0.58,A,HL,HL,A,1,backward
HM_2nyy,A:R1064A,4.44,A,HL,HL,A,9,backward
HM_2nyy,A:R903A,-0.02,A,HL,HL,A,1,backward
HM_2nyy,A:S954A,-0.66,A,HL,HL,A,9,backward
HM_2nyy,A:T923A,0.62,A,HL,HL,A,7,backward
HM_2nyy,H:K30R,0.51,A,HL,HL,A,8,backward
HM_2nyy,H:M34Q,-0.01,A,HL,HL,A,1,backward
HM_2nyy,H:Y31D,0.97,A,HL,HL,A,7,backward
HM_2nyy,H:Y31Q,1.33,A,HL,HL,A,3,backward
HM_2nyy,H:Y57Q,1.19,A,HL,HL,A,1,backward
HM_2nyy,L:D30Y,0.6,A,HL,HL,A,1,backward
HM_2nyy,L:H34R,0.63,A,HL,HL,A,7,backward
HM_2nyy,L:S28Q,0.7,A,HL,HL,A,4,backward
HM_2nyy,L:S31N,1.2,A,HL,HL,A,3,backward
HM_2nz9,A:D1062A,-0.14,A,HL,HL,A,5,backward
HM_2nz9,A:D902A,-0.49,A,HL,HL,A,9,backward
HM_2nz9,A:E920A,0.5,A,HL,HL,A,5,backward
HM_2nz9,A:F953A,1.53,A,HL,HL,A,6,backward
HM_2nz9,A:I917A,0.95,A,HL,HL,A,8,backward
HM_2nz9,A:K915A,-0.31,A,HL,HL,A,6,backward
HM_2nz9,A:K955A,-0.5,A,HL,HL,A,0,backward
HM_2nz9,A:L919A,0.41,A,HL,HL,A,0,backward
HM_2nz9,A:N918A,0.3,A,HL,HL,A,5,backward
HM_2nz9,A:N957A,0.01,A,HL,HL,A,5,backward
HM_2nz9,A:P1063A,0.24,A,HL,HL,A,3,backward
HM_2nz9,A:R1061A,0.58,A,HL,HL,A,4,backward
HM_2nz9,A:R1064A,4.44,A,HL,HL,A,9,backward
HM_2nz9,A:R903A,-0.02,A,HL,HL,A,2,backward
HM_2nz9,A:S954A,-0.66,A,HL,HL,A,0,backward
HM_2nz9,A:T923A,0.62,A,HL,HL,A,5,backward
HM_3bn9,H:P100H,1.36,A,HL,HL,A,5,backward
HM_3bn9,H:Q100aV,0.41,A,HL,HL,A,1,backward
HM_3bn9,H:S30G,0.71,A,HL,HL,A,1,backward
HM_3bn9,H:S30N,0.71,A,HL,HL,A,8,backward
HM_3bn9,H:T28R,-0.24,A,HL,HL,A,1,backward
HM_3bn9,H:T98Q,-0.16,A,HL,HL,A,1,backward
HM_3bn9,H:T98R,-1.57,A,HL,HL,A,5,backward
HM_3bn9,H:Y99S,0.54,A,HL,HL,A,1,backward
